Type,EDI_Std_Nomenclature,AISC_Manual_Label,T_F,W,,A,d,ddet,Ht,h,OD,bf,bfdet,B,b,ID,tw,twdet,twdet/2,tf,tfdet,t,tnom,tdes,kdes,kdet,k1,x,y,eo,xp,yp,bf/2tf,b/t,b/tdes,h/tw,h/tdes,D/t,Ix,Zx,Sx,rx,Iy,Zy,Sy,ry,Iz,rz,Sz,J,Cw,C,Wno,Sw1,Sw2,Sw3,Qf,Qw,ro,H,tan(α),Iw,zA,zB,zC,wA,wB,wC,SwA,SwB,SwC,SzA,SzB,SzC,rts,ho,PA,PA2,PB,PC,PD,T,WGi,WGo,EDI_Std_Nomenclature,AISC_Manual_Label,W,A,d,ddet,Ht,h,OD,bf,bfdet,B,b,ID,tw,twdet,twdet/2,tf,tfdet,t,tnom,tdes,kdes,kdet,k1,x,y,eo,xp,yp,bf/2tf,b/t,b/tdes,h/tw,h/tdes,D/t,Ix,Zx,Sx,rx,Iy,Zy,Sy,ry,Iz,rz,Sz,J,Cw,C,Wno,Sw1,Sw2,Sw3,Qf,Qw,ro,H,tan(α),Iw,zA,zB,zC,wA,wB,wC,SwA,SwB,SwC,SzA,SzB,SzC,rts,ho,PA,PA2,PB,PC,PD,T,WGi,WGo
HSS,HSS2X1X.125,HSS2X1X1/8,–,2.20,,0.608,–,–,2.00,1.65,–,–,–,1.00,0.652,–,–,–,–,–,–,–,0.125,0.116,–,–,–,–,–,–,–,–,–,–,5.62,–,14.2,–,0.280,0.366,0.280,0.679,0.0922,0.223,0.184,0.390,–,–,–,0.238,–,0.380,–,–,–,–,–,–,–,–,–,–,–,–,–,–,–,–,–,–,–,–,–,–,–,–,–,–,–,–,–,–,–,–,HSS50.8X25.4X3.2,HSS50.8X25.4X3.2,3.26,392,–,–,50.8,41.9,–,–,–,25.4,16.6,–,–,–,–,–,–,–,3.18,2.95,–,–,–,–,–,–,–,–,–,–,5.62,–,14.2,–,0.117,6.00,4.59,17.2,0.0384,3.65,3.02,9.91,–,–,–,99.1,–,6.23,–,–,–,–,–,–,–,–,–,–,–,–,–,–,–,–,–,–,–,–,–,–,–,–,–,–,–,–,–,–,–,–
HSS,HSS2-1/2X1X.125,HSS2-1/2X1X1/8,–,2.63,0.350,0.724,–,–,2.50,2.15,–,–,–,1.00,0.652,–,–,–,–,–,–,–,0.125,0.116,–,–,–,–,–,–,–,–,–,–,5.62,–,18.6,–,0.503,0.532,0.403,0.834,0.115,0.274,0.230,0.399,–,–,–,0.322,–,0.483,–,–,–,–,–,–,–,–,–,–,–,–,–,–,–,–,–,–,–,–,–,–,–,–,–,–,–,–,–,–,–,–,HSS63.5X25.4X3.2,HSS63.5X25.4X3.2,3.90,467,–,–,63.5,54.6,–,–,–,25.4,16.6,–,–,–,–,–,–,–,3.18,2.95,–,–,–,–,–,–,–,–,–,–,5.62,–,18.6,–,0.209,8.72,6.60,21.2,0.0479,4.49,3.77,10.1,–,–,–,134,–,7.91,–,–,–,–,–,–,–,–,–,–,–,–,–,–,–,–,–,–,–,–,–,–,–,–,–,–,–,–,–,–,–,–
HSS,HSS2X1-1/2X.125,HSS2X1-1/2X1/8,–,2.63,0.000,0.724,–,–,2.00,1.65,–,–,–,1.50,1.15,–,–,–,–,–,–,–,0.125,0.116,–,–,–,–,–,–,–,–,–,–,9.93,–,14.2,–,0.383,0.475,0.383,0.728,0.244,0.389,0.325,0.581,–,–,–,0.496,–,0.599,–,–,–,–,–,–,–,–,–,–,–,–,–,–,–,–,–,–,–,–,–,–,–,–,–,–,–,–,–,–,–,–,HSS50.8X38.1X3.2,HSS50.8X38.1X3.2,3.90,467,–,–,50.8,41.9,–,–,–,38.1,29.2,–,–,–,–,–,–,–,3.18,2.95,–,–,–,–,–,–,–,–,–,–,9.93,–,14.2,–,0.159,7.78,6.28,18.5,0.102,6.37,5.33,14.8,–,–,–,206,–,9.82,–,–,–,–,–,–,–,–,–,–,–,–,–,–,–,–,–,–,–,–,–,–,–,–,–,–,–,–,–,–,–,–
HSS,HSS2X1X.188,HSS2X1X3/16,–,3.04,0.030,0.845,–,–,2.00,1.48,–,–,–,1.00,0.478,–,–,–,–,–,–,–,0.1875,0.174,–,–,–,–,–,–,–,–,–,–,2.75,–,8.49,–,0.350,0.480,0.350,0.643,0.112,0.288,0.225,0.365,–,–,–,0.301,–,0.505,–,–,–,–,–,–,–,–,–,–,–,–,–,–,–,–,–,–,–,–,–,–,–,–,–,–,–,–,–,–,–,–,HSS50.8X25.4X4.8,HSS50.8X25.4X4.8,4.51,545,–,–,50.8,37.6,–,–,–,25.4,12.1,–,–,–,–,–,–,–,4.76,4.42,–,–,–,–,–,–,–,–,–,–,2.75,–,8.49,–,0.146,7.87,5.74,16.3,0.0466,4.72,3.69,9.27,–,–,–,125,–,8.28,–,–,–,–,–,–,–,–,–,–,–,–,–,–,–,–,–,–,–,–,–,–,–,–,–,–,–,–,–,–,–,–
HSS,HSS3X1X.125,HSS3X1X1/8,–,3.05,0.010,0.840,–,–,3.00,2.65,–,–,–,1.00,0.652,–,–,–,–,–,–,–,0.125,0.116,–,–,–,–,–,–,–,–,–,–,5.62,–,22.9,–,0.817,0.728,0.545,0.987,0.138,0.325,0.276,0.405,–,–,–,0.408,–,0.585,–,–,–,–,–,–,–,–,–,–,–,–,–,–,–,–,–,–,–,–,–,–,–,–,–,–,–,–,–,–,–,–,HSS76.2X25.4X3.2,HSS76.2X25.4X3.2,4.53,542,–,–,76.2,67.3,–,–,–,25.4,16.6,–,–,–,–,–,–,–,3.18,2.95,–,–,–,–,–,–,–,–,–,–,5.62,–,22.9,–,0.340,11.9,8.93,25.1,0.0574,5.33,4.52,10.3,–,–,–,170,–,9.59,–,–,–,–,–,–,–,–,–,–,–,–,–,–,–,–,–,–,–,–,–,–,–,–,–,–,–,–,–,–,–,–
HSS,HSS2-1/2X1-1/2X.125,HSS2-1/2X1-1/2X1/8,–,3.05,0.000,0.840,–,–,2.50,2.15,–,–,–,1.50,1.15,–,–,–,–,–,–,–,0.125,0.116,–,–,–,–,–,–,–,–,–,–,9.93,–,18.6,–,0.668,0.671,0.535,0.892,0.300,0.469,0.399,0.597,–,–,–,0.687,–,0.759,–,–,–,–,–,–,–,–,–,–,–,–,–,–,–,–,–,–,–,–,–,–,–,–,–,–,–,–,–,–,–,–,HSS63.5X38.1X3.2,HSS63.5X38.1X3.2,4.53,542,–,–,63.5,54.6,–,–,–,38.1,29.2,–,–,–,–,–,–,–,3.18,2.95,–,–,–,–,–,–,–,–,–,–,9.93,–,18.6,–,0.278,11.0,8.77,22.7,0.125,7.69,6.54,15.2,–,–,–,286,–,12.4,–,–,–,–,–,–,–,–,–,–,–,–,–,–,–,–,–,–,–,–,–,–,–,–,–,–,–,–,–,–,–,–
HSS,HSS3X1-1/2X.125,HSS3X1-1/2X1/8,–,3.48,0.040,0.956,–,–,3.00,2.65,–,–,–,1.50,1.15,–,–,–,–,–,–,–,0.125,0.116,–,–,–,–,–,–,–,–,–,–,9.93,–,22.9,–,1.06,0.895,0.706,1.05,0.355,0.550,0.474,0.610,–,–,–,0.886,–,0.920,–,–,–,–,–,–,–,–,–,–,–,–,–,–,–,–,–,–,–,–,–,–,–,–,–,–,–,–,–,–,–,–,HSS76.2X38.1X3.2,HSS76.2X38.1X3.2,5.16,617,–,–,76.2,67.3,–,–,–,38.1,29.2,–,–,–,–,–,–,–,3.18,2.95,–,–,–,–,–,–,–,–,–,–,9.93,–,22.9,–,0.441,14.7,11.6,26.7,0.148,9.01,7.77,15.5,–,–,–,369,–,15.1,–,–,–,–,–,–,–,–,–,–,–,–,–,–,–,–,–,–,–,–,–,–,–,–,–,–,–,–,–,–,–,–
HSS,HSS2-1/2X2X.125,HSS2-1/2X2X1/8,–,3.48,0.000,0.956,–,–,2.50,2.15,–,–,–,2.00,1.65,–,–,–,–,–,–,–,0.125,0.116,–,–,–,–,–,–,–,–,–,–,14.2,–,18.6,–,0.833,0.809,0.667,0.934,0.589,0.694,0.589,0.785,–,–,–,1.12,–,1.04,–,–,–,–,–,–,–,–,–,–,–,–,–,–,–,–,–,–,–,–,–,–,–,–,–,–,–,–,–,–,–,–,HSS63.5X50.8X3.2,HSS63.5X50.8X3.2,5.16,617,–,–,63.5,54.6,–,–,–,50.8,41.9,–,–,–,–,–,–,–,3.18,2.95,–,–,–,–,–,–,–,–,–,–,14.2,–,18.6,–,0.347,13.3,10.9,23.7,0.245,11.4,9.65,19.9,–,–,–,466,–,17.0,–,–,–,–,–,–,–,–,–,–,–,–,–,–,–,–,–,–,–,–,–,–,–,–,–,–,–,–,–,–,–,–
HSS,HSS2-1/2X1X.188,HSS2-1/2X1X3/16,–,3.68,0.010,1.02,–,–,2.50,1.98,–,–,–,1.00,0.478,–,–,–,–,–,–,–,0.1875,0.174,–,–,–,–,–,–,–,–,–,–,2.75,–,11.4,–,0.646,0.713,0.517,0.796,0.143,0.360,0.285,0.374,–,–,–,0.412,–,0.648,–,–,–,–,–,–,–,–,–,–,–,–,–,–,–,–,–,–,–,–,–,–,–,–,–,–,–,–,–,–,–,–,HSS63.5X25.4X4.8,HSS63.5X25.4X4.8,5.46,658,–,–,63.5,50.3,–,–,–,25.4,12.1,–,–,–,–,–,–,–,4.76,4.42,–,–,–,–,–,–,–,–,–,–,2.75,–,11.4,–,0.269,11.7,8.47,20.2,0.0595,5.90,4.67,9.50,–,–,–,171,–,10.6,–,–,–,–,–,–,–,–,–,–,–,–,–,–,–,–,–,–,–,–,–,–,–,–,–,–,–,–,–,–,–,–
HSS,HSS2X1-1/2X.188,HSS2X1-1/2X3/16,–,3.68,0.000,1.02,–,–,2.00,1.48,–,–,–,1.50,0.978,–,–,–,–,–,–,–,0.1875,0.174,–,–,–,–,–,–,–,–,–,–,5.62,–,8.49,–,0.495,0.639,0.495,0.697,0.313,0.521,0.417,0.554,–,–,–,0.664,–,0.822,–,–,–,–,–,–,–,–,–,–,–,–,–,–,–,–,–,–,–,–,–,–,–,–,–,–,–,–,–,–,–,–,HSS50.8X38.1X4.8,HSS50.8X38.1X4.8,5.46,658,–,–,50.8,37.6,–,–,–,38.1,24.8,–,–,–,–,–,–,–,4.76,4.42,–,–,–,–,–,–,–,–,–,–,5.62,–,8.49,–,0.206,10.5,8.11,17.7,0.130,8.54,6.83,14.1,–,–,–,276,–,13.5,–,–,–,–,–,–,–,–,–,–,–,–,–,–,–,–,–,–,–,–,–,–,–,–,–,–,–,–,–,–,–,–
HSS,HSS3-1/2X1-1/2X.125,HSS3-1/2X1-1/2X1/8,–,3.90,0.060,1.07,–,–,3.50,3.15,–,–,–,1.50,1.15,–,–,–,–,–,–,–,0.125,0.116,–,–,–,–,–,–,–,–,–,–,9.93,–,27.2,–,1.57,1.15,0.896,1.21,0.411,0.630,0.548,0.619,–,–,–,1.09,–,1.08,–,–,–,–,–,–,–,–,–,–,–,–,–,–,–,–,–,–,–,–,–,–,–,–,–,–,–,–,–,–,–,–,HSS88.9X38.1X3.2,HSS88.9X38.1X3.2,5.80,690,–,–,88.9,80.0,–,–,–,38.1,29.2,–,–,–,–,–,–,–,3.18,2.95,–,–,–,–,–,–,–,–,–,–,9.93,–,27.2,–,0.653,18.8,14.7,30.7,0.171,10.3,8.98,15.7,–,–,–,454,–,17.7,–,–,–,–,–,–,–,–,–,–,–,–,–,–,–,–,–,–,–,–,–,–,–,–,–,–,–,–,–,–,–,–
HSS,HSS3X2X.125,HSS3X2X1/8,–,3.90,0.000,1.07,–,–,3.00,2.65,–,–,–,2.00,1.65,–,–,–,–,–,–,–,0.125,0.116,–,–,–,–,–,–,–,–,–,–,14.2,–,22.9,–,1.30,1.06,0.867,1.10,0.692,0.803,0.692,0.804,–,–,–,1.47,–,1.25,–,–,–,–,–,–,–,–,–,–,–,–,–,–,–,–,–,–,–,–,–,–,–,–,–,–,–,–,–,–,–,–,HSS76.2X50.8X3.2,HSS76.2X50.8X3.2,5.80,690,–,–,76.2,67.3,–,–,–,50.8,41.9,–,–,–,–,–,–,–,3.18,2.95,–,–,–,–,–,–,–,–,–,–,14.2,–,22.9,–,0.541,17.4,14.2,27.9,0.288,13.2,11.3,20.4,–,–,–,612,–,20.5,–,–,–,–,–,–,–,–,–,–,–,–,–,–,–,–,–,–,–,–,–,–,–,–,–,–,–,–,–,–,–,–
HSS,HSS3X1X.188,HSS3X1X3/16,–,4.32,0.210,1.19,–,–,3.00,2.48,–,–,–,1.00,0.478,–,–,–,–,–,–,–,0.1875,0.174,–,–,–,–,–,–,–,–,–,–,2.75,–,14.2,–,1.07,0.989,0.713,0.947,0.173,0.432,0.345,0.380,–,–,–,0.526,–,0.792,–,–,–,–,–,–,–,–,–,–,–,–,–,–,–,–,–,–,–,–,–,–,–,–,–,–,–,–,–,–,–,–,HSS76.2X25.4X4.8,HSS76.2X25.4X4.8,6.41,768,–,–,76.2,63.0,–,–,–,25.4,12.1,–,–,–,–,–,–,–,4.76,4.42,–,–,–,–,–,–,–,–,–,–,2.75,–,14.2,–,0.445,16.2,11.7,24.1,0.0720,7.08,5.65,9.65,–,–,–,219,–,13.0,–,–,–,–,–,–,–,–,–,–,–,–,–,–,–,–,–,–,–,–,–,–,–,–,–,–,–,–,–,–,–,–
HSS,HSS2-1/2X1-1/2X.188,HSS2-1/2X1-1/2X3/16,–,4.32,0.000,1.19,–,–,2.50,1.98,–,–,–,1.50,0.978,–,–,–,–,–,–,–,0.1875,0.174,–,–,–,–,–,–,–,–,–,–,5.62,–,11.4,–,0.882,0.915,0.705,0.860,0.390,0.636,0.520,0.572,–,–,–,0.929,–,1.05,–,–,–,–,–,–,–,–,–,–,–,–,–,–,–,–,–,–,–,–,–,–,–,–,–,–,–,–,–,–,–,–,HSS63.5X38.1X4.8,HSS63.5X38.1X4.8,6.41,768,–,–,63.5,50.3,–,–,–,38.1,24.8,–,–,–,–,–,–,–,4.76,4.42,–,–,–,–,–,–,–,–,–,–,5.62,–,11.4,–,0.367,15.0,11.6,21.8,0.162,10.4,8.52,14.5,–,–,–,387,–,17.2,–,–,–,–,–,–,–,–,–,–,–,–,–,–,–,–,–,–,–,–,–,–,–,–,–,–,–,–,–,–,–,–
HSS,HSS4X1-1/2X.125,HSS4X1-1/2X1/8,–,4.33,0.010,1.19,–,–,4.00,3.65,–,–,–,1.50,1.15,–,–,–,–,–,–,–,0.125,0.116,–,–,–,–,–,–,–,–,–,–,9.93,–,31.5,–,2.21,1.43,1.11,1.36,0.467,0.710,0.622,0.627,–,–,–,1.30,–,1.24,–,–,–,–,–,–,–,–,–,–,–,–,–,–,–,–,–,–,–,–,–,–,–,–,–,–,–,–,–,–,–,–,HSS101.6X38.1X3.2,HSS101.6X38.1X3.2,6.44,768,–,–,102,92.7,–,–,–,38.1,29.2,–,–,–,–,–,–,–,3.18,2.95,–,–,–,–,–,–,–,–,–,–,9.93,–,31.5,–,0.920,23.4,18.2,34.5,0.194,11.6,10.2,15.9,–,–,–,541,–,20.3,–,–,–,–,–,–,–,–,–,–,–,–,–,–,–,–,–,–,–,–,–,–,–,–,–,–,–,–,–,–,–,–
HSS,HSS3-1/2X2X.125,HSS3-1/2X2X1/8,–,4.33,0.000,1.19,–,–,3.50,3.15,–,–,–,2.00,1.65,–,–,–,–,–,–,–,0.125,0.116,–,–,–,–,–,–,–,–,–,–,14.2,–,27.2,–,1.90,1.34,1.09,1.27,0.795,0.912,0.795,0.818,–,–,–,1.83,–,1.47,–,–,–,–,–,–,–,–,–,–,–,–,–,–,–,–,–,–,–,–,–,–,–,–,–,–,–,–,–,–,–,–,HSS88.9X50.8X3.2,HSS88.9X50.8X3.2,6.43,768,–,–,88.9,80.0,–,–,–,50.8,41.9,–,–,–,–,–,–,–,3.18,2.95,–,–,–,–,–,–,–,–,–,–,14.2,–,27.2,–,0.791,22.0,17.9,32.3,0.331,14.9,13.0,20.8,–,–,–,762,–,24.1,–,–,–,–,–,–,–,–,–,–,–,–,–,–,–,–,–,–,–,–,–,–,–,–,–,–,–,–,–,–,–,–
HSS,HSS3X2-1/2X.125,HSS3X2-1/2X1/8,–,4.33,0.000,1.19,–,–,3.00,2.65,–,–,–,2.50,2.15,–,–,–,–,–,–,–,0.125,0.116,–,–,–,–,–,–,–,–,–,–,18.6,–,22.9,–,1.54,1.23,1.03,1.14,1.16,1.09,0.931,0.990,–,–,–,2.13,–,1.59,–,–,–,–,–,–,–,–,–,–,–,–,–,–,–,–,–,–,–,–,–,–,–,–,–,–,–,–,–,–,–,–,HSS76.2X63.5X3.2,HSS76.2X63.5X3.2,6.43,768,–,–,76.2,67.3,–,–,–,63.5,54.6,–,–,–,–,–,–,–,3.18,2.95,–,–,–,–,–,–,–,–,–,–,18.6,–,22.9,–,0.641,20.2,16.9,29.0,0.483,17.9,15.3,25.1,–,–,–,887,–,26.1,–,–,–,–,–,–,–,–,–,–,–,–,–,–,–,–,–,–,–,–,–,–,–,–,–,–,–,–,–,–,–,–
HSS,HSS4X2X.125,HSS4X2X1/8,–,4.75,0.100,1.30,–,–,4.00,3.65,–,–,–,2.00,1.65,–,–,–,–,–,–,–,0.125,0.116,–,–,–,–,–,–,–,–,–,–,14.2,–,31.5,–,2.65,1.66,1.32,1.43,0.898,1.02,0.898,0.830,–,–,–,2.20,–,1.69,–,–,–,–,–,–,–,–,–,–,–,–,–,–,–,–,–,–,–,–,–,–,–,–,–,–,–,–,–,–,–,–,HSS101.6X50.8X3.2,HSS101.6X50.8X3.2,7.06,839,–,–,102,92.7,–,–,–,50.8,41.9,–,–,–,–,–,–,–,3.18,2.95,–,–,–,–,–,–,–,–,–,–,14.2,–,31.5,–,1.10,27.2,21.6,36.3,0.374,16.7,14.7,21.1,–,–,–,916,–,27.7,–,–,–,–,–,–,–,–,–,–,–,–,–,–,–,–,–,–,–,–,–,–,–,–,–,–,–,–,–,–,–,–
HSS,HSS3-1/2X2-1/2X.125,HSS3-1/2X2-1/2X1/8,–,4.75,0.000,1.30,–,–,3.50,3.15,–,–,–,2.50,2.15,–,–,–,–,–,–,–,0.125,0.116,–,–,–,–,–,–,–,–,–,–,18.6,–,27.2,–,2.23,1.54,1.28,1.31,1.33,1.22,1.06,1.01,–,–,–,2.67,–,1.87,–,–,–,–,–,–,–,–,–,–,–,–,–,–,–,–,–,–,–,–,–,–,–,–,–,–,–,–,–,–,–,–,HSS88.9X63.5X3.2,HSS88.9X63.5X3.2,7.07,839,–,–,88.9,80.0,–,–,–,63.5,54.6,–,–,–,–,–,–,–,3.18,2.95,–,–,–,–,–,–,–,–,–,–,18.6,–,27.2,–,0.929,25.3,20.9,33.2,0.553,20.1,17.4,25.6,–,–,–,1110,–,30.6,–,–,–,–,–,–,–,–,–,–,–,–,–,–,–,–,–,–,–,–,–,–,–,–,–,–,–,–,–,–,–,–
HSS,HSS3X1-1/2X.188,HSS3X1-1/2X3/16,–,4.96,0.210,1.37,–,–,3.00,2.48,–,–,–,1.50,0.978,–,–,–,–,–,–,–,0.1875,0.174,–,–,–,–,–,–,–,–,–,–,5.62,–,14.2,–,1.42,1.24,0.945,1.02,0.467,0.752,0.622,0.584,–,–,–,1.21,–,1.28,–,–,–,–,–,–,–,–,–,–,–,–,–,–,–,–,–,–,–,–,–,–,–,–,–,–,–,–,–,–,–,–,HSS76.2X38.1X4.8,HSS76.2X38.1X4.8,7.36,884,–,–,76.2,63.0,–,–,–,38.1,24.8,–,–,–,–,–,–,–,4.76,4.42,–,–,–,–,–,–,–,–,–,–,5.62,–,14.2,–,0.591,20.3,15.5,25.9,0.194,12.3,10.2,14.8,–,–,–,504,–,21.0,–,–,–,–,–,–,–,–,–,–,–,–,–,–,–,–,–,–,–,–,–,–,–,–,–,–,–,–,–,–,–,–
HSS,HSS2-1/2X2X.188,HSS2-1/2X2X3/16,–,4.96,0.000,1.37,–,–,2.50,1.98,–,–,–,2.00,1.48,–,–,–,–,–,–,–,0.1875,0.174,–,–,–,–,–,–,–,–,–,–,8.49,–,11.4,–,1.12,1.12,0.894,0.904,0.786,0.956,0.786,0.758,–,–,–,1.55,–,1.46,–,–,–,–,–,–,–,–,–,–,–,–,–,–,–,–,–,–,–,–,–,–,–,–,–,–,–,–,–,–,–,–,HSS63.5X50.8X4.8,HSS63.5X50.8X4.8,7.36,884,–,–,63.5,50.3,–,–,–,50.8,37.6,–,–,–,–,–,–,–,4.76,4.42,–,–,–,–,–,–,–,–,–,–,8.49,–,11.4,–,0.466,18.4,14.7,23.0,0.327,15.7,12.9,19.3,–,–,–,645,–,23.9,–,–,–,–,–,–,–,–,–,–,–,–,–,–,–,–,–,–,–,–,–,–,–,–,–,–,–,–,–,–,–,–
HSS,HSS4X2-1/2X.125,HSS4X2-1/2X1/8,–,5.18,0.150,1.42,–,–,4.00,3.65,–,–,–,2.50,2.15,–,–,–,–,–,–,–,0.125,0.116,–,–,–,–,–,–,–,–,–,–,18.6,–,31.5,–,3.09,1.88,1.54,1.47,1.49,1.36,1.19,1.03,–,–,–,3.23,–,2.14,–,–,–,–,–,–,–,–,–,–,–,–,–,–,–,–,–,–,–,–,–,–,–,–,–,–,–,–,–,–,–,–,HSS101.6X63.5X3.2,HSS101.6X63.5X3.2,7.70,916,–,–,102,92.7,–,–,–,63.5,54.6,–,–,–,–,–,–,–,3.18,2.95,–,–,–,–,–,–,–,–,–,–,18.6,–,31.5,–,1.29,30.8,25.2,37.3,0.620,22.3,19.5,26.2,–,–,–,1340,–,35.1,–,–,–,–,–,–,–,–,–,–,–,–,–,–,–,–,–,–,–,–,–,–,–,–,–,–,–,–,–,–,–,–
HSS,HSS2-1/2X1-1/2X.250,HSS2-1/2X1-1/2X1/4,–,5.41,0.010,1.51,–,–,2.50,1.80,–,–,–,1.50,0.801,–,–,–,–,–,–,–,0.250,0.233,–,–,–,–,–,–,–,–,–,–,3.44,–,7.73,–,1.03,1.11,0.822,0.826,0.449,0.764,0.599,0.546,–,–,–,1.10,–,1.29,–,–,–,–,–,–,–,–,–,–,–,–,–,–,–,–,–,–,–,–,–,–,–,–,–,–,–,–,–,–,–,–,HSS63.5X38.1X6.4,HSS63.5X38.1X6.4,8.00,974,–,–,63.5,45.7,–,–,–,38.1,20.3,–,–,–,–,–,–,–,6.35,5.92,–,–,–,–,–,–,–,–,–,–,3.44,–,7.73,–,0.429,18.2,13.5,21.0,0.187,12.5,9.82,13.9,–,–,–,458,–,21.1,–,–,–,–,–,–,–,–,–,–,–,–,–,–,–,–,–,–,–,–,–,–,–,–,–,–,–,–,–,–,–,–
HSS,HSS3-1/2X1-1/2X.188,HSS3-1/2X1-1/2X3/16,–,5.59,0.180,1.54,–,–,3.50,2.98,–,–,–,1.50,0.978,–,–,–,–,–,–,–,0.1875,0.174,–,–,–,–,–,–,–,–,–,–,5.62,–,17.1,–,2.12,1.60,1.21,1.17,0.544,0.867,0.725,0.594,–,–,–,1.49,–,1.51,–,–,–,–,–,–,–,–,–,–,–,–,–,–,–,–,–,–,–,–,–,–,–,–,–,–,–,–,–,–,–,–,HSS88.9X38.1X4.8,HSS88.9X38.1X4.8,8.31,994,–,–,88.9,75.7,–,–,–,38.1,24.8,–,–,–,–,–,–,–,4.76,4.42,–,–,–,–,–,–,–,–,–,–,5.62,–,17.1,–,0.882,26.2,19.8,29.7,0.226,14.2,11.9,15.1,–,–,–,620,–,24.7,–,–,–,–,–,–,–,–,–,–,–,–,–,–,–,–,–,–,–,–,–,–,–,–,–,–,–,–,–,–,–,–
HSS,HSS3X2X.188,HSS3X2X3/16,–,5.59,0.000,1.54,–,–,3.00,2.48,–,–,–,2.00,1.48,–,–,–,–,–,–,–,0.1875,0.174,–,–,–,–,–,–,–,–,–,–,8.49,–,14.2,–,1.77,1.48,1.18,1.07,0.932,1.12,0.932,0.778,–,–,–,2.05,–,1.78,–,–,–,–,–,–,–,–,–,–,–,–,–,–,–,–,–,–,–,–,–,–,–,–,–,–,–,–,–,–,–,–,HSS76.2X50.8X4.8,HSS76.2X50.8X4.8,8.31,994,–,–,76.2,63.0,–,–,–,50.8,37.6,–,–,–,–,–,–,–,4.76,4.42,–,–,–,–,–,–,–,–,–,–,8.49,–,14.2,–,0.737,24.3,19.3,27.2,0.388,18.4,15.3,19.8,–,–,–,853,–,29.2,–,–,–,–,–,–,–,–,–,–,–,–,–,–,–,–,–,–,–,–,–,–,–,–,–,–,–,–,–,–,–,–
HSS,HSS5X2X.125,HSS5X2X1/8,–,5.61,0.020,1.54,–,–,5.00,4.65,–,–,–,2.00,1.65,–,–,–,–,–,–,–,0.125,0.116,–,–,–,–,–,–,–,–,–,–,14.2,–,40.1,–,4.65,2.37,1.86,1.74,1.10,1.24,1.10,0.848,–,–,–,2.95,–,2.13,–,–,–,–,–,–,–,–,–,–,–,–,–,–,–,–,–,–,–,–,–,–,–,–,–,–,–,–,–,–,–,–,HSS127X50.8X3.2,HSS127X50.8X3.2,8.33,994,–,–,127,118,–,–,–,50.8,41.9,–,–,–,–,–,–,–,3.18,2.95,–,–,–,–,–,–,–,–,–,–,14.2,–,40.1,–,1.94,38.8,30.5,44.2,0.458,20.3,18.0,21.5,–,–,–,1230,–,34.9,–,–,–,–,–,–,–,–,–,–,–,–,–,–,–,–,–,–,–,–,–,–,–,–,–,–,–,–,–,–,–,–
HSS,HSS4X3X.125,HSS4X3X1/8,–,5.61,0.000,1.54,–,–,4.00,3.65,–,–,–,3.00,2.65,–,–,–,–,–,–,–,0.125,0.116,–,–,–,–,–,–,–,–,–,–,22.9,–,31.5,–,3.52,2.11,1.76,1.52,2.27,1.73,1.51,1.21,–,–,–,4.38,–,2.59,–,–,–,–,–,–,–,–,–,–,–,–,–,–,–,–,–,–,–,–,–,–,–,–,–,–,–,–,–,–,–,–,HSS101.6X76.2X3.2,HSS101.6X76.2X3.2,8.33,994,–,–,102,92.7,–,–,–,76.2,67.3,–,–,–,–,–,–,–,3.18,2.95,–,–,–,–,–,–,–,–,–,–,22.9,–,31.5,–,1.47,34.6,28.8,38.6,0.945,28.3,24.7,30.7,–,–,–,1820,–,42.4,–,–,–,–,–,–,–,–,–,–,–,–,–,–,–,–,–,–,–,–,–,–,–,–,–,–,–,–,–,–,–,–
HSS,HSS5X2-1/2X.125,HSS5X2-1/2X1/8,–,6.03,0.020,1.65,–,–,5.00,4.65,–,–,–,2.50,2.15,–,–,–,–,–,–,–,0.125,0.116,–,–,–,–,–,–,–,–,–,–,18.6,–,40.1,–,5.34,2.65,2.14,1.80,1.82,1.64,1.46,1.05,–,–,–,4.40,–,2.70,–,–,–,–,–,–,–,–,–,–,–,–,–,–,–,–,–,–,–,–,–,–,–,–,–,–,–,–,–,–,–,–,HSS127X63.5X3.2,HSS127X63.5X3.2,8.96,1060,–,–,127,118,–,–,–,63.5,54.6,–,–,–,–,–,–,–,3.18,2.95,–,–,–,–,–,–,–,–,–,–,18.6,–,40.1,–,2.22,43.4,35.1,45.7,0.758,26.9,23.9,26.7,–,–,–,1830,–,44.2,–,–,–,–,–,–,–,–,–,–,–,–,–,–,–,–,–,–,–,–,–,–,–,–,–,–,–,–,–,–,–,–
HSS,HSS4X1-1/2X.188,HSS4X1-1/2X3/16,–,6.23,0.160,1.71,–,–,4.00,3.48,–,–,–,1.50,0.978,–,–,–,–,–,–,–,0.1875,0.174,–,–,–,–,–,–,–,–,–,–,5.62,–,20.0,–,3.02,2.01,1.51,1.33,0.621,0.982,0.827,0.602,–,–,–,1.78,–,1.75,–,–,–,–,–,–,–,–,–,–,–,–,–,–,–,–,–,–,–,–,–,–,–,–,–,–,–,–,–,–,–,–,HSS101.6X38.1X4.8,HSS101.6X38.1X4.8,9.27,1100,–,–,102,88.4,–,–,–,38.1,24.8,–,–,–,–,–,–,–,4.78,4.42,–,–,–,–,–,–,–,–,–,–,5.62,–,20.0,–,1.26,32.9,24.7,33.8,0.258,16.1,13.6,15.3,–,–,–,741,–,28.7,–,–,–,–,–,–,–,–,–,–,–,–,–,–,–,–,–,–,–,–,–,–,–,–,–,–,–,–,–,–,–,–
HSS,HSS3-1/2X2X.188,HSS3-1/2X2X3/16,–,6.23,0.000,1.71,–,–,3.50,2.98,–,–,–,2.00,1.48,–,–,–,–,–,–,–,0.1875,0.174,–,–,–,–,–,–,–,–,–,–,8.49,–,17.1,–,2.61,1.89,1.49,1.23,1.08,1.27,1.08,0.792,–,–,–,2.55,–,2.09,–,–,–,–,–,–,–,–,–,–,–,–,–,–,–,–,–,–,–,–,–,–,–,–,–,–,–,–,–,–,–,–,HSS88.9X50.8X4.8,HSS88.9X50.8X4.8,9.27,1100,–,–,88.9,75.7,–,–,–,50.8,37.6,–,–,–,–,–,–,–,4.76,4.42,–,–,–,–,–,–,–,–,–,–,8.49,–,17.1,–,1.09,31.0,24.4,31.2,0.450,20.8,17.7,20.1,–,–,–,1060,–,34.2,–,–,–,–,–,–,–,–,–,–,–,–,–,–,–,–,–,–,–,–,–,–,–,–,–,–,–,–,–,–,–,–
HSS,HSS3X2-1/2X.188,HSS3X2-1/2X3/16,–,6.23,0.000,1.71,–,–,3.00,2.48,–,–,–,2.50,1.98,–,–,–,–,–,–,–,0.1875,0.174,–,–,–,–,–,–,–,–,–,–,11.4,–,14.2,–,2.11,1.73,1.41,1.11,1.59,1.52,1.27,0.963,–,–,–,3.00,–,2.27,–,–,–,–,–,–,–,–,–,–,–,–,–,–,–,–,–,–,–,–,–,–,–,–,–,–,–,–,–,–,–,–,HSS76.2X63.5X4.8,HSS76.2X63.5X4.8,9.27,1100,–,–,76.2,63.0,–,–,–,63.5,50.3,–,–,–,–,–,–,–,4.76,4.42,–,–,–,–,–,–,–,–,–,–,11.4,–,14.2,–,0.878,28.3,23.1,28.2,0.662,24.9,20.8,24.5,–,–,–,1250,–,37.2,–,–,–,–,–,–,–,–,–,–,–,–,–,–,–,–,–,–,–,–,–,–,–,–,–,–,–,–,–,–,–,–
HSS,HSS3X1-1/2X.250,HSS3X1-1/2X1/4,–,6.26,0.030,1.74,–,–,3.00,2.30,–,–,–,1.50,0.801,–,–,–,–,–,–,–,0.250,0.233,–,–,–,–,–,–,–,–,–,–,3.44,–,9.88,–,1.68,1.51,1.12,0.982,0.543,0.911,0.725,0.559,–,–,–,1.44,–,1.58,–,–,–,–,–,–,–,–,–,–,–,–,–,–,–,–,–,–,–,–,–,–,–,–,–,–,–,–,–,–,–,–,HSS76.2X38.1X6.4,HSS76.2X38.1X6.4,9.26,1120,–,–,76.2,58.4,–,–,–,38.1,20.3,–,–,–,–,–,–,–,6.35,5.92,–,–,–,–,–,–,–,–,–,–,3.44,–,9.88,–,0.699,24.7,18.4,24.9,0.226,14.9,11.9,14.2,–,–,–,599,–,25.9,–,–,–,–,–,–,–,–,–,–,–,–,–,–,–,–,–,–,–,–,–,–,–,–,–,–,–,–,–,–,–,–
HSS,HSS2-1/2X2X.250,HSS2-1/2X2X1/4,–,6.26,0.000,1.74,–,–,2.50,1.80,–,–,–,2.00,1.30,–,–,–,–,–,–,–,0.250,0.233,–,–,–,–,–,–,–,–,–,–,5.58,–,7.73,–,1.33,1.37,1.06,0.874,0.930,1.17,0.930,0.731,–,–,–,1.90,–,1.82,–,–,–,–,–,–,–,–,–,–,–,–,–,–,–,–,–,–,–,–,–,–,–,–,–,–,–,–,–,–,–,–,HSS63.5X50.8X6.4,HSS63.5X50.8X6.4,9.26,1120,–,–,63.5,45.7,–,–,–,50.8,33.0,–,–,–,–,–,–,–,6.35,5.92,–,–,–,–,–,–,–,–,–,–,5.58,–,7.73,–,0.554,22.5,17.4,22.2,0.387,19.2,15.2,18.6,–,–,–,791,–,29.8,–,–,–,–,–,–,–,–,–,–,–,–,–,–,–,–,–,–,–,–,–,–,–,–,–,–,–,–,–,–,–,–
HSS,HSS6X2X.125,HSS6X2X1/8,–,6.46,0.030,1.77,–,–,6.00,5.65,–,–,–,2.00,1.65,–,–,–,–,–,–,–,0.125,0.116,–,–,–,–,–,–,–,–,–,–,14.2,–,48.7,–,7.42,3.19,2.47,2.05,1.31,1.46,1.31,0.861,–,–,–,3.72,–,2.57,–,–,–,–,–,–,–,–,–,–,–,–,–,–,–,–,–,–,–,–,–,–,–,–,–,–,–,–,–,–,–,–,HSS152.4X50.8X3.2,HSS152.4X50.8X3.2,9.59,1140,–,–,152,144,–,–,–,50.8,41.9,–,–,–,–,–,–,–,3.18,2.95,–,–,–,–,–,–,–,–,–,–,14.2,–,48.7,–,3.09,52.3,40.5,52.1,0.545,23.9,21.5,21.9,–,–,–,1550,–,42.1,–,–,–,–,–,–,–,–,–,–,–,–,–,–,–,–,–,–,–,–,–,–,–,–,–,–,–,–,–,–,–,–
HSS,HSS5X3X.125,HSS5X3X1/8,–,6.46,0.000,1.77,–,–,5.00,4.65,–,–,–,3.00,2.65,–,–,–,–,–,–,–,0.125,0.116,–,–,–,–,–,–,–,–,–,–,22.9,–,40.1,–,6.03,2.93,2.41,1.85,2.75,2.07,1.83,1.25,–,–,–,6.02,–,3.26,–,–,–,–,–,–,–,–,–,–,–,–,–,–,–,–,–,–,–,–,–,–,–,–,–,–,–,–,–,–,–,–,HSS127X76.2X3.2,HSS127X76.2X3.2,9.59,1140,–,–,127,118,–,–,–,76.2,67.3,–,–,–,–,–,–,–,3.18,2.95,–,–,–,–,–,–,–,–,–,–,22.9,–,40.1,–,2.51,48.0,39.5,47.0,1.14,33.9,30.0,31.8,–,–,–,2510,–,53.4,–,–,–,–,–,–,–,–,–,–,–,–,–,–,–,–,–,–,–,–,–,–,–,–,–,–,–,–,–,–,–,–
HSS,HSS4X2X.188,HSS4X2X3/16,–,6.87,0.210,1.89,–,–,4.00,3.48,–,–,–,2.00,1.48,–,–,–,–,–,–,–,0.1875,0.174,–,–,–,–,–,–,–,–,–,–,8.49,–,20.0,–,3.66,2.34,1.83,1.39,1.22,1.43,1.22,0.804,–,–,–,3.08,–,2.41,–,–,–,–,–,–,–,–,–,–,–,–,–,–,–,–,–,–,–,–,–,–,–,–,–,–,–,–,–,–,–,–,HSS101.6X50.8X4.8,HSS101.6X50.8X4.8,10.2,1220,–,–,102,88.4,–,–,–,50.8,37.6,–,–,–,–,–,–,–,4.76,4.42,–,–,–,–,–,–,–,–,–,–,8.49,–,20.0,–,1.52,38.3,30.0,35.3,0.508,23.4,20.0,20.4,–,–,–,1280,–,39.5,–,–,–,–,–,–,–,–,–,–,–,–,–,–,–,–,–,–,–,–,–,–,–,–,–,–,–,–,–,–,–,–
HSS,HSS3-1/2X2-1/2X.188,HSS3-1/2X2-1/2X3/16,–,6.87,0.000,1.89,–,–,3.50,2.98,–,–,–,2.50,1.98,–,–,–,–,–,–,–,0.1875,0.174,–,–,–,–,–,–,–,–,–,–,11.4,–,17.1,–,3.09,2.18,1.76,1.28,1.82,1.72,1.46,0.983,–,–,–,3.78,–,2.67,–,–,–,–,–,–,–,–,–,–,–,–,–,–,–,–,–,–,–,–,–,–,–,–,–,–,–,–,–,–,–,–,HSS88.9X63.5X4.8,HSS88.9X63.5X4.8,10.2,1220,–,–,88.9,75.7,–,–,–,63.5,50.3,–,–,–,–,–,–,–,4.76,4.42,–,–,–,–,–,–,–,–,–,–,11.4,–,17.1,–,1.29,35.7,28.9,32.5,0.760,28.3,23.9,25.0,–,–,–,1570,–,43.8,–,–,–,–,–,–,–,–,–,–,–,–,–,–,–,–,–,–,–,–,–,–,–,–,–,–,–,–,–,–,–,–
HSS,HSS3-1/2X1-1/2X.250,HSS3-1/2X1-1/2X1/4,–,7.11,0.090,1.97,–,–,3.50,2.80,–,–,–,1.50,0.801,–,–,–,–,–,–,–,0.250,0.233,–,–,–,–,–,–,–,–,–,–,3.44,–,12.0,–,2.55,1.98,1.46,1.14,0.638,1.06,0.851,0.569,–,–,–,1.79,–,1.88,–,–,–,–,–,–,–,–,–,–,–,–,–,–,–,–,–,–,–,–,–,–,–,–,–,–,–,–,–,–,–,–,HSS88.9X38.1X6.4,HSS88.9X38.1X6.4,10.5,1270,–,–,88.9,71.1,–,–,–,38.1,20.3,–,–,–,–,–,–,–,6.35,5.92,–,–,–,–,–,–,–,–,–,–,3.44,–,12.0,–,1.06,32.4,23.9,29.0,0.266,17.4,13.9,14.5,–,–,–,745,–,30.8,–,–,–,–,–,–,–,–,–,–,–,–,–,–,–,–,–,–,–,–,–,–,–,–,–,–,–,–,–,–,–,–
HSS,HSS3X2X.250,HSS3X2X1/4,–,7.11,0.000,1.97,–,–,3.00,2.30,–,–,–,2.00,1.30,–,–,–,–,–,–,–,0.250,0.233,–,–,–,–,–,–,–,–,–,–,5.58,–,9.88,–,2.13,1.83,1.42,1.04,1.11,1.38,1.11,0.751,–,–,–,2.52,–,2.23,–,–,–,–,–,–,–,–,–,–,–,–,–,–,–,–,–,–,–,–,–,–,–,–,–,–,–,–,–,–,–,–,HSS76.2X50.8X6.4,HSS76.2X50.8X6.4,10.5,1270,–,–,76.2,58.4,–,–,–,50.8,33.0,–,–,–,–,–,–,–,6.35,5.92,–,–,–,–,–,–,–,–,–,–,5.58,–,9.88,–,0.887,30.0,23.3,26.4,0.462,22.6,18.2,19.1,–,–,–,1050,–,36.5,–,–,–,–,–,–,–,–,–,–,–,–,–,–,–,–,–,–,–,–,–,–,–,–,–,–,–,–,–,–,–,–
HSS,HSS7X2X.125,HSS7X2X1/8,–,7.31,0.160,2.00,–,–,7.00,6.65,–,–,–,2.00,1.65,–,–,–,–,–,–,–,0.125,0.116,–,–,–,–,–,–,–,–,–,–,14.2,–,57.3,–,11.1,4.13,3.16,2.35,1.52,1.68,1.52,0.871,–,–,–,4.51,–,3.00,–,–,–,–,–,–,–,–,–,–,–,–,–,–,–,–,–,–,–,–,–,–,–,–,–,–,–,–,–,–,–,–,HSS177.8X50.8X3.2,HSS177.8X50.8X3.2,10.9,1290,–,–,178,169,–,–,–,50.8,41.9,–,–,–,–,–,–,–,3.18,2.95,–,–,–,–,–,–,–,–,–,–,14.2,–,57.3,–,4.62,67.7,51.8,59.7,0.633,27.5,24.9,22.1,–,–,–,1880,–,49.2,–,–,–,–,–,–,–,–,–,–,–,–,–,–,–,–,–,–,–,–,–,–,–,–,–,–,–,–,–,–,–,–
HSS,HSS6X3X.125,HSS6X3X1/8,–,7.31,0.000,2.00,–,–,6.00,5.65,–,–,–,3.00,2.65,–,–,–,–,–,–,–,0.125,0.116,–,–,–,–,–,–,–,–,–,–,22.9,–,48.7,–,9.43,3.87,3.14,2.17,3.23,2.40,2.15,1.27,–,–,–,7.73,–,3.93,–,–,–,–,–,–,–,–,–,–,–,–,–,–,–,–,–,–,–,–,–,–,–,–,–,–,–,–,–,–,–,–,HSS152.4X76.2X3.2,HSS152.4X76.2X3.2,10.9,1290,–,–,152,144,–,–,–,76.2,67.3,–,–,–,–,–,–,–,3.18,2.95,–,–,–,–,–,–,–,–,–,–,22.9,–,48.7,–,3.93,63.4,51.5,55.1,1.34,39.3,35.2,32.3,–,–,–,3220,–,64.4,–,–,–,–,–,–,–,–,–,–,–,–,–,–,–,–,–,–,–,–,–,–,–,–,–,–,–,–,–,–,–,–
HSS,HSS5X4X.125,HSS5X4X1/8,–,7.31,0.000,2.00,–,–,5.00,4.65,–,–,–,4.00,3.65,–,–,–,–,–,–,–,0.125,0.116,–,–,–,–,–,–,–,–,–,–,31.5,–,40.1,–,7.42,3.50,2.97,1.93,5.27,3.01,2.64,1.62,–,–,–,9.66,–,4.39,–,–,–,–,–,–,–,–,–,–,–,–,–,–,–,–,–,–,–,–,–,–,–,–,–,–,–,–,–,–,–,–,HSS127X101.6X3.2,HSS127X101.6X3.2,10.9,1290,–,–,127,118,–,–,–,102,92.7,–,–,–,–,–,–,–,3.18,2.95,–,–,–,–,–,–,–,–,–,–,31.5,–,40.1,–,3.09,57.4,48.7,49.0,2.19,49.3,43.3,41.1,–,–,–,4020,–,71.9,–,–,–,–,–,–,–,–,–,–,–,–,–,–,–,–,–,–,–,–,–,–,–,–,–,–,–,–,–,–,–,–
HSS,HSS4X2-1/2X.188,HSS4X2-1/2X3/16,–,7.51,0.160,2.06,–,–,4.00,3.48,–,–,–,2.50,1.98,–,–,–,–,–,–,–,0.1875,0.174,–,–,–,–,–,–,–,–,–,–,11.4,–,20.0,–,4.30,2.67,2.15,1.44,2.06,1.93,1.65,0.999,–,–,–,4.59,–,3.08,–,–,–,–,–,–,–,–,–,–,–,–,–,–,–,–,–,–,–,–,–,–,–,–,–,–,–,–,–,–,–,–,HSS101.6X63.5X4.8,HSS101.6X63.5X4.8,11.2,1330,–,–,102,88.4,–,–,–,63.5,50.3,–,–,–,–,–,–,–,4.76,4.42,–,–,–,–,–,–,–,–,–,–,11.4,–,20.0,–,1.79,43.8,35.2,36.6,0.857,31.6,27.0,25.4,–,–,–,1910,–,50.5,–,–,–,–,–,–,–,–,–,–,–,–,–,–,–,–,–,–,–,–,–,–,–,–,–,–,–,–,–,–,–,–
HSS,HSS4X1-1/2X.250,HSS4X1-1/2X1/4,–,7.96,0.110,2.21,–,–,4.00,3.30,–,–,–,1.50,0.801,–,–,–,–,–,–,–,0.250,0.233,–,–,–,–,–,–,–,–,–,–,3.44,–,14.2,–,3.66,2.50,1.83,1.29,0.733,1.21,0.977,0.576,–,–,–,2.14,–,2.18,–,–,–,–,–,–,–,–,–,–,–,–,–,–,–,–,–,–,–,–,–,–,–,–,–,–,–,–,–,–,–,–,HSS101.6X38.1X6.4,HSS101.6X38.1X6.4,11.8,1430,–,–,102,83.8,–,–,–,38.1,20.3,–,–,–,–,–,–,–,6.35,5.92,–,–,–,–,–,–,–,–,–,–,3.44,–,14.2,–,1.52,41.0,30.0,32.8,0.305,19.8,16.0,14.6,–,–,–,891,–,35.7,–,–,–,–,–,–,–,–,–,–,–,–,–,–,–,–,–,–,–,–,–,–,–,–,–,–,–,–,–,–,–,–
HSS,HSS3-1/2X2X.250,HSS3-1/2X2X1/4,–,7.96,0.000,2.21,–,–,3.50,2.80,–,–,–,2.00,1.30,–,–,–,–,–,–,–,0.250,0.233,–,–,–,–,–,–,–,–,–,–,5.58,–,12.0,–,3.17,2.36,1.81,1.20,1.30,1.58,1.30,0.766,–,–,–,3.16,–,2.64,–,–,–,–,–,–,–,–,–,–,–,–,–,–,–,–,–,–,–,–,–,–,–,–,–,–,–,–,–,–,–,–,HSS88.9X50.8X6.4,HSS88.9X50.8X6.4,11.8,1430,–,–,88.9,71.1,–,–,–,50.8,33.0,–,–,–,–,–,–,–,6.35,5.92,–,–,–,–,–,–,–,–,–,–,5.58,–,12.0,–,1.32,38.7,29.7,30.5,0.541,25.9,21.3,19.5,–,–,–,1320,–,43.3,–,–,–,–,–,–,–,–,–,–,–,–,–,–,–,–,–,–,–,–,–,–,–,–,–,–,–,–,–,–,–,–
HSS,HSS3X2-1/2X.250,HSS3X2-1/2X1/4,–,7.96,0.000,2.21,–,–,3.00,2.30,–,–,–,2.50,1.80,–,–,–,–,–,–,–,0.250,0.233,–,–,–,–,–,–,–,–,–,–,7.73,–,9.88,–,2.57,2.16,1.72,1.08,1.93,1.90,1.54,0.935,–,–,–,3.74,–,2.87,–,–,–,–,–,–,–,–,–,–,–,–,–,–,–,–,–,–,–,–,–,–,–,–,–,–,–,–,–,–,–,–,HSS76.2X63.5X6.4,HSS76.2X63.5X6.4,11.8,1430,–,–,76.2,58.4,–,–,–,63.5,45.7,–,–,–,–,–,–,–,6.35,5.92,–,–,–,–,–,–,–,–,–,–,7.73,–,9.88,–,1.07,35.4,28.2,27.4,0.803,31.1,25.2,23.7,–,–,–,1560,–,47.0,–,–,–,–,–,–,–,–,–,–,–,–,–,–,–,–,–,–,–,–,–,–,–,–,–,–,–,–,–,–,–,–
HSS,HSS5X2X.188,HSS5X2X3/16,–,8.15,0.190,2.24,–,–,5.00,4.48,–,–,–,2.00,1.48,–,–,–,–,–,–,–,0.1875,0.174,–,–,–,–,–,–,–,–,–,–,8.49,–,25.7,–,6.50,3.37,2.60,1.70,1.51,1.75,1.51,0.823,–,–,–,4.15,–,3.05,–,–,–,–,–,–,–,–,–,–,–,–,–,–,–,–,–,–,–,–,–,–,–,–,–,–,–,–,–,–,–,–,HSS127X50.8X4.8,HSS127X50.8X4.8,12.1,1450,–,–,127,114,–,–,–,50.8,37.6,–,–,–,–,–,–,–,4.76,4.42,–,–,–,–,–,–,–,–,–,–,8.49,–,25.7,–,2.71,55.2,42.6,43.2,0.629,28.7,24.7,20.9,–,–,–,1730,–,50.0,–,–,–,–,–,–,–,–,–,–,–,–,–,–,–,–,–,–,–,–,–,–,–,–,–,–,–,–,–,–,–,–
HSS,HSS4X3X.188,HSS4X3X3/16,–,8.15,0.000,2.24,–,–,4.00,3.48,–,–,–,3.00,2.48,–,–,–,–,–,–,–,0.1875,0.174,–,–,–,–,–,–,–,–,–,–,14.2,–,20.0,–,4.93,3.00,2.47,1.49,3.16,2.46,2.10,1.19,–,–,–,6.26,–,3.74,–,–,–,–,–,–,–,–,–,–,–,–,–,–,–,–,–,–,–,–,–,–,–,–,–,–,–,–,–,–,–,–,HSS101.6X76.2X4.8,HSS101.6X76.2X4.8,12.1,1450,–,–,102,88.4,–,–,–,76.2,63.0,–,–,–,–,–,–,–,4.76,4.42,–,–,–,–,–,–,–,–,–,–,14.2,–,20.0,–,2.05,49.2,40.5,37.8,1.32,40.3,34.4,30.2,–,–,–,2610,–,61.3,–,–,–,–,–,–,–,–,–,–,–,–,–,–,–,–,–,–,–,–,–,–,–,–,–,–,–,–,–,–,–,–
HSS,HSS8X2X.125,HSS8X2X1/8,–,8.16,0.010,2.23,–,–,8.00,7.65,–,–,–,2.00,1.65,–,–,–,–,–,–,–,0.125,0.116,–,–,–,–,–,–,–,–,–,–,14.2,–,66.0,–,15.7,5.19,3.93,2.65,1.72,1.90,1.72,0.879,–,–,–,5.30,–,3.44,–,–,–,–,–,–,–,–,–,–,–,–,–,–,–,–,–,–,–,–,–,–,–,–,–,–,–,–,–,–,–,–,HSS203.2X50.8X3.2,HSS203.2X50.8X3.2,12.1,1440,–,–,203,194,–,–,–,50.8,41.9,–,–,–,–,–,–,–,3.18,2.95,–,–,–,–,–,–,–,–,–,–,14.2,–,66.0,–,6.53,85.0,64.4,67.3,0.716,31.1,28.2,22.3,–,–,–,2210,–,56.4,–,–,–,–,–,–,–,–,–,–,–,–,–,–,–,–,–,–,–,–,–,–,–,–,–,–,–,–,–,–,–,–
HSS,HSS7X3X.125,HSS7X3X1/8,–,8.16,0.000,2.23,–,–,7.00,6.65,–,–,–,3.00,2.65,–,–,–,–,–,–,–,0.125,0.116,–,–,–,–,–,–,–,–,–,–,22.9,–,57.3,–,13.8,4.93,3.95,2.49,3.71,2.73,2.48,1.29,–,–,–,9.48,–,4.60,–,–,–,–,–,–,–,–,–,–,–,–,–,–,–,–,–,–,–,–,–,–,–,–,–,–,–,–,–,–,–,–,HSS177.8X76.2X3.2,HSS177.8X76.2X3.2,12.1,1440,–,–,178,169,–,–,–,76.2,67.3,–,–,–,–,–,–,–,3.18,2.95,–,–,–,–,–,–,–,–,–,–,22.9,–,57.3,–,5.74,80.8,64.7,63.2,1.54,44.7,40.6,32.8,–,–,–,3950,–,75.4,–,–,–,–,–,–,–,–,–,–,–,–,–,–,–,–,–,–,–,–,–,–,–,–,–,–,–,–,–,–,–,–
HSS,HSS6X4X.125,HSS6X4X1/8,–,8.16,0.000,2.23,–,–,6.00,5.65,–,–,–,4.00,3.65,–,–,–,–,–,–,–,0.125,0.116,–,–,–,–,–,–,–,–,–,–,31.5,–,48.7,–,11.4,4.56,3.81,2.26,6.15,3.46,3.08,1.66,–,–,–,12.6,–,5.30,–,–,–,–,–,–,–,–,–,–,–,–,–,–,–,–,–,–,–,–,–,–,–,–,–,–,–,–,–,–,–,–,HSS152.4X101.6X3.2,HSS152.4X101.6X3.2,12.1,1440,–,–,152,144,–,–,–,102,92.7,–,–,–,–,–,–,–,3.18,2.95,–,–,–,–,–,–,–,–,–,–,31.5,–,48.7,–,4.75,74.7,62.4,57.4,2.56,56.7,50.5,42.2,–,–,–,5240,–,86.9,–,–,–,–,–,–,–,–,–,–,–,–,–,–,–,–,–,–,–,–,–,–,–,–,–,–,–,–,–,–,–,–
HSS,HSS3X2X.313,HSS3X2X5/16,–,8.45,0.290,2.35,–,–,3.00,2.13,–,–,–,2.00,1.13,–,–,–,–,–,–,–,0.3125,0.291,–,–,–,–,–,–,–,–,–,–,3.87,–,7.31,–,2.38,2.11,1.59,1.01,1.24,1.58,1.24,0.725,–,–,–,2.87,–,2.60,–,–,–,–,–,–,–,–,–,–,–,–,–,–,–,–,–,–,–,–,–,–,–,–,–,–,–,–,–,–,–,–,HSS76.2X50.8X7.9,HSS76.2X50.8X7.9,12.5,1520,–,–,76.2,54.1,–,–,–,50.8,28.7,–,–,–,–,–,–,–,7.94,7.39,–,–,–,–,–,–,–,–,–,–,3.87,–,7.31,–,0.991,34.6,26.1,25.7,0.516,25.9,20.3,18.4,–,–,–,1190,–,42.6,–,–,–,–,–,–,–,–,–,–,–,–,–,–,–,–,–,–,–,–,–,–,–,–,–,–,–,–,–,–,–,–
HSS,HSS5X2-1/2X.188,HSS5X2-1/2X3/16,–,8.78,0.090,2.41,–,–,5.00,4.48,–,–,–,2.50,1.98,–,–,–,–,–,–,–,0.1875,0.174,–,–,–,–,–,–,–,–,–,–,11.4,–,25.7,–,7.51,3.79,3.01,1.77,2.53,2.33,2.03,1.02,–,–,–,6.26,–,3.89,–,–,–,–,–,–,–,–,–,–,–,–,–,–,–,–,–,–,–,–,–,–,–,–,–,–,–,–,–,–,–,–,HSS127X63.5X4.8,HSS127X63.5X4.8,13.1,1550,–,–,127,114,–,–,–,63.5,50.3,–,–,–,–,–,–,–,4.76,4.42,–,–,–,–,–,–,–,–,–,–,11.4,–,25.7,–,3.13,62.1,49.3,45.0,1.05,38.2,33.3,25.9,–,–,–,2610,–,63.7,–,–,–,–,–,–,–,–,–,–,–,–,–,–,–,–,–,–,–,–,–,–,–,–,–,–,–,–,–,–,–,–
HSS,HSS4X2X.250,HSS4X2X1/4,–,8.81,0.030,2.44,–,–,4.00,3.30,–,–,–,2.00,1.30,–,–,–,–,–,–,–,0.250,0.233,–,–,–,–,–,–,–,–,–,–,5.58,–,14.2,–,4.49,2.94,2.25,1.36,1.48,1.79,1.48,0.779,–,–,–,3.82,–,3.05,–,–,–,–,–,–,–,–,–,–,–,–,–,–,–,–,–,–,–,–,–,–,–,–,–,–,–,–,–,–,–,–,HSS101.6X50.8X6.4,HSS101.6X50.8X6.4,13.1,1570,–,–,102,83.8,–,–,–,50.8,33.0,–,–,–,–,–,–,–,6.35,5.92,–,–,–,–,–,–,–,–,–,–,5.58,–,14.2,–,1.87,48.2,36.9,34.5,0.616,29.3,24.3,19.8,–,–,–,1590,–,50.0,–,–,–,–,–,–,–,–,–,–,–,–,–,–,–,–,–,–,–,–,–,–,–,–,–,–,–,–,–,–,–,–
HSS,HSS3-1/2X2-1/2X.250,HSS3-1/2X2-1/2X1/4,–,8.81,0.000,2.44,–,–,3.50,2.80,–,–,–,2.50,1.80,–,–,–,–,–,–,–,0.250,0.233,–,–,–,–,–,–,–,–,–,–,7.73,–,12.0,–,3.79,2.74,2.17,1.25,2.23,2.16,1.78,0.956,–,–,–,4.75,–,3.40,–,–,–,–,–,–,–,–,–,–,–,–,–,–,–,–,–,–,–,–,–,–,–,–,–,–,–,–,–,–,–,–,HSS88.9X63.5X6.4,HSS88.9X63.5X6.4,13.1,1570,–,–,88.9,71.1,–,–,–,63.5,45.7,–,–,–,–,–,–,–,6.35,5.92,–,–,–,–,–,–,–,–,–,–,7.73,–,12.0,–,1.58,44.8,35.5,31.7,0.928,35.4,29.2,24.3,–,–,–,1980,–,55.8,–,–,–,–,–,–,–,–,–,–,–,–,–,–,–,–,–,–,–,–,–,–,–,–,–,–,–,–,–,–,–,–
HSS,HSS8X3X.125,HSS8X3X1/8,–,9.01,0.120,2.46,–,–,8.00,7.65,–,–,–,3.00,2.65,–,–,–,–,–,–,–,0.125,0.116,–,–,–,–,–,–,–,–,–,–,22.9,–,66.0,–,19.3,6.11,4.83,2.80,4.20,3.07,2.80,1.31,–,–,–,11.3,–,5.27,–,–,–,–,–,–,–,–,–,–,–,–,–,–,–,–,–,–,–,–,–,–,–,–,–,–,–,–,–,–,–,–,HSS203.2X76.2X3.2,HSS203.2X76.2X3.2,13.4,1590,–,–,203,194,–,–,–,76.2,67.3,–,–,–,–,–,–,–,3.18,2.95,–,–,–,–,–,–,–,–,–,–,22.9,–,66.0,–,8.03,100,79.1,71.1,1.75,50.3,45.9,33.3,–,–,–,4700,–,86.4,–,–,–,–,–,–,–,–,–,–,–,–,–,–,–,–,–,–,–,–,–,–,–,–,–,–,–,–,–,–,–,–
HSS,HSS7X4X.125,HSS7X4X1/8,–,9.01,0.000,2.46,–,–,7.00,6.65,–,–,–,4.00,3.65,–,–,–,–,–,–,–,0.125,0.116,–,–,–,–,–,–,–,–,–,–,31.5,–,57.3,–,16.6,5.73,4.73,2.59,7.03,3.91,3.51,1.69,–,–,–,15.6,–,6.20,–,–,–,–,–,–,–,–,–,–,–,–,–,–,–,–,–,–,–,–,–,–,–,–,–,–,–,–,–,–,–,–,HSS177.8X101.6X3.2,HSS177.8X101.6X3.2,13.4,1590,–,–,178,169,–,–,–,102,92.7,–,–,–,–,–,–,–,3.18,2.95,–,–,–,–,–,–,–,–,–,–,31.5,–,57.3,–,6.91,93.9,77.5,65.8,2.93,64.1,57.5,42.9,–,–,–,6490,–,102,–,–,–,–,–,–,–,–,–,–,–,–,–,–,–,–,–,–,–,–,–,–,–,–,–,–,–,–,–,–,–,–
HSS,HSS6X5X.125,HSS6X5X1/8,–,9.01,0.000,2.46,–,–,6.00,5.65,–,–,–,5.00,4.65,–,–,–,–,–,–,–,0.125,0.116,–,–,–,–,–,–,–,–,–,–,40.1,–,48.7,–,13.4,5.24,4.48,2.34,10.2,4.63,4.07,2.03,–,–,–,18.0,–,6.66,–,–,–,–,–,–,–,–,–,–,–,–,–,–,–,–,–,–,–,–,–,–,–,–,–,–,–,–,–,–,–,–,HSS152.4X127X3.2,HSS152.4X127X3.2,13.4,1590,–,–,152,144,–,–,–,127,118,–,–,–,–,–,–,–,3.18,2.95,–,–,–,–,–,–,–,–,–,–,40.1,–,48.7,–,5.58,85.9,73.4,59.4,4.25,75.9,66.7,51.6,–,–,–,7490,–,109,–,–,–,–,–,–,–,–,–,–,–,–,–,–,–,–,–,–,–,–,–,–,–,–,–,–,–,–,–,–,–,–
HSS,HSS6X2X.188,HSS6X2X3/16,–,9.42,0.230,2.58,–,–,6.00,5.48,–,–,–,2.00,1.48,–,–,–,–,–,–,–,0.1875,0.174,–,–,–,–,–,–,–,–,–,–,8.49,–,31.5,–,10.5,4.58,3.49,2.01,1.80,2.07,1.80,0.836,–,–,–,5.24,–,3.68,–,–,–,–,–,–,–,–,–,–,–,–,–,–,–,–,–,–,–,–,–,–,–,–,–,–,–,–,–,–,–,–,HSS152.4X50.8X4.8,HSS152.4X50.8X4.8,14.0,1660,–,–,152,139,–,–,–,50.8,37.6,–,–,–,–,–,–,–,4.76,4.42,–,–,–,–,–,–,–,–,–,–,8.49,–,31.5,–,4.37,75.1,57.2,51.1,0.749,33.9,29.5,21.2,–,–,–,2180,–,60.3,–,–,–,–,–,–,–,–,–,–,–,–,–,–,–,–,–,–,–,–,–,–,–,–,–,–,–,–,–,–,–,–
HSS,HSS5X3X.188,HSS5X3X3/16,–,9.42,0.000,2.58,–,–,5.00,4.48,–,–,–,3.00,2.48,–,–,–,–,–,–,–,0.1875,0.174,–,–,–,–,–,–,–,–,–,–,14.2,–,25.7,–,8.53,4.21,3.41,1.82,3.85,2.96,2.57,1.22,–,–,–,8.64,–,4.73,–,–,–,–,–,–,–,–,–,–,–,–,–,–,–,–,–,–,–,–,–,–,–,–,–,–,–,–,–,–,–,–,HSS127X76.2X4.8,HSS127X76.2X4.8,14.0,1660,–,–,127,114,–,–,–,76.2,63.0,–,–,–,–,–,–,–,4.76,4.42,–,–,–,–,–,–,–,–,–,–,14.2,–,25.7,–,3.55,69.0,55.9,46.2,1.60,48.5,42.1,31.0,–,–,–,3600,–,77.5,–,–,–,–,–,–,–,–,–,–,–,–,–,–,–,–,–,–,–,–,–,–,–,–,–,–,–,–,–,–,–,–
HSS,HSS3X2-1/2X.313,HSS3X2-1/2X5/16,–,9.51,0.090,2.64,–,–,3.00,2.13,–,–,–,2.50,1.63,–,–,–,–,–,–,–,0.3125,0.291,–,–,–,–,–,–,–,–,–,–,5.59,–,7.31,–,2.92,2.51,1.94,1.05,2.18,2.20,1.74,0.908,–,–,–,4.34,–,3.39,–,–,–,–,–,–,–,–,–,–,–,–,–,–,–,–,–,–,–,–,–,–,–,–,–,–,–,–,–,–,–,–,HSS76.2X63.5X7.9,HSS76.2X63.5X7.9,14.1,1700,–,–,76.2,54.1,–,–,–,63.5,41.4,–,–,–,–,–,–,–,7.94,7.39,–,–,–,–,–,–,–,–,–,–,5.59,–,7.31,–,1.22,41.1,31.8,26.7,0.907,36.1,28.5,23.1,–,–,–,1810,–,55.6,–,–,–,–,–,–,–,–,–,–,–,–,–,–,–,–,–,–,–,–,–,–,–,–,–,–,–,–,–,–,–,–
HSS,HSS4X2-1/2X.250,HSS4X2-1/2X1/4,–,9.66,0.130,2.67,–,–,4.00,3.30,–,–,–,2.50,1.80,–,–,–,–,–,–,–,0.250,0.233,–,–,–,–,–,–,–,–,–,–,7.73,–,14.2,–,5.32,3.38,2.66,1.41,2.53,2.43,2.02,0.973,–,–,–,5.78,–,3.93,–,–,–,–,–,–,–,–,–,–,–,–,–,–,–,–,–,–,–,–,–,–,–,–,–,–,–,–,–,–,–,–,HSS101.6X63.5X6.4,HSS101.6X63.5X6.4,14.3,1720,–,–,102,83.8,–,–,–,63.5,45.7,–,–,–,–,–,–,–,6.35,5.92,–,–,–,–,–,–,–,–,–,–,7.73,–,14.2,–,2.21,55.4,43.6,35.8,1.05,39.8,33.1,24.7,–,–,–,2410,–,64.4,–,–,–,–,–,–,–,–,–,–,–,–,–,–,–,–,–,–,–,–,–,–,–,–,–,–,–,–,–,–,–,–
HSS,HSS10X2X.125,HSS10X2X1/8,–,9.86,0.190,2.70,–,–,10.0,9.65,–,–,–,2.00,1.65,–,–,–,–,–,–,–,0.125,0.116,–,–,–,–,–,–,–,–,–,–,14.2,–,83.2,–,28.5,7.65,5.70,3.25,2.14,2.33,2.14,0.890,–,–,–,6.90,–,4.31,–,–,–,–,–,–,–,–,–,–,–,–,–,–,–,–,–,–,–,–,–,–,–,–,–,–,–,–,–,–,–,–,HSS254X50.8X3.2,HSS254X50.8X3.2,14.7,1740,–,–,254,245,–,–,–,50.8,41.9,–,–,–,–,–,–,–,3.18,2.95,–,–,–,–,–,–,–,–,–,–,14.2,–,83.2,–,11.9,125,93.4,82.6,0.891,38.2,35.1,22.6,–,–,–,2870,–,70.6,–,–,–,–,–,–,–,–,–,–,–,–,–,–,–,–,–,–,–,–,–,–,–,–,–,–,–,–,–,–,–,–
HSS,HSS8X4X.125,HSS8X4X1/8,–,9.86,0.000,2.70,–,–,8.00,7.65,–,–,–,4.00,3.65,–,–,–,–,–,–,–,0.125,0.116,–,–,–,–,–,–,–,–,–,–,31.5,–,66.0,–,22.9,7.02,5.73,2.92,7.90,4.36,3.95,1.71,–,–,–,18.7,–,7.10,–,–,–,–,–,–,–,–,–,–,–,–,–,–,–,–,–,–,–,–,–,–,–,–,–,–,–,–,–,–,–,–,HSS203.2X101.6X3.2,HSS203.2X101.6X3.2,14.7,1740,–,–,203,194,–,–,–,102,92.7,–,–,–,–,–,–,–,3.18,2.95,–,–,–,–,–,–,–,–,–,–,31.5,–,66.0,–,9.53,115,93.9,74.2,3.29,71.4,64.7,43.4,–,–,–,7780,–,116,–,–,–,–,–,–,–,–,–,–,–,–,–,–,–,–,–,–,–,–,–,–,–,–,–,–,–,–,–,–,–,–
HSS,HSS7X5X.125,HSS7X5X1/8,–,9.86,0.000,2.70,–,–,7.00,6.65,–,–,–,5.00,4.65,–,–,–,–,–,–,–,0.125,0.116,–,–,–,–,–,–,–,–,–,–,40.1,–,57.3,–,19.3,6.53,5.52,2.68,11.6,5.20,4.63,2.07,–,–,–,22.5,–,7.79,–,–,–,–,–,–,–,–,–,–,–,–,–,–,–,–,–,–,–,–,–,–,–,–,–,–,–,–,–,–,–,–,HSS177.8X127X3.2,HSS177.8X127X3.2,14.7,1740,–,–,178,169,–,–,–,127,118,–,–,–,–,–,–,–,3.18,2.95,–,–,–,–,–,–,–,–,–,–,40.1,–,57.3,–,8.03,107,90.5,68.1,4.83,85.2,75.9,52.6,–,–,–,9370,–,128,–,–,–,–,–,–,–,–,–,–,–,–,–,–,–,–,–,–,–,–,–,–,–,–,–,–,–,–,–,–,–,–
HSS,HSS5X2X.250,HSS5X2X1/4,–,10.51,0.250,2.91,–,–,5.00,4.30,–,–,–,2.00,1.30,–,–,–,–,–,–,–,0.250,0.233,–,–,–,–,–,–,–,–,–,–,5.58,–,18.5,–,8.08,4.27,3.23,1.67,1.84,2.20,1.84,0.797,–,–,–,5.17,–,3.88,–,–,–,–,–,–,–,–,–,–,–,–,–,–,–,–,–,–,–,–,–,–,–,–,–,–,–,–,–,–,–,–,HSS127X50.8X6.4,HSS127X50.8X6.4,15.6,1880,–,–,127,109,–,–,–,50.8,33.0,–,–,–,–,–,–,–,6.35,5.92,–,–,–,–,–,–,–,–,–,–,5.58,–,18.5,–,3.36,70.0,52.9,42.4,0.766,36.1,30.2,20.2,–,–,–,2150,–,63.6,–,–,–,–,–,–,–,–,–,–,–,–,–,–,–,–,–,–,–,–,–,–,–,–,–,–,–,–,–,–,–,–
HSS,HSS4X3X.250,HSS4X3X1/4,–,10.51,0.000,2.91,–,–,4.00,3.30,–,–,–,3.00,2.30,–,–,–,–,–,–,–,0.250,0.233,–,–,–,–,–,–,–,–,–,–,9.88,–,14.2,–,6.15,3.81,3.07,1.45,3.91,3.12,2.61,1.16,–,–,–,7.96,–,4.81,–,–,–,–,–,–,–,–,–,–,–,–,–,–,–,–,–,–,–,–,–,–,–,–,–,–,–,–,–,–,–,–,HSS101.6X76.2X6.4,HSS101.6X76.2X6.4,15.6,1880,–,–,102,83.8,–,–,–,76.2,58.4,–,–,–,–,–,–,–,6.35,5.92,–,–,–,–,–,–,–,–,–,–,9.88,–,14.2,–,2.56,62.4,50.3,36.8,1.63,51.1,42.8,29.5,–,–,–,3310,–,78.8,–,–,–,–,–,–,–,–,–,–,–,–,–,–,–,–,–,–,–,–,–,–,–,–,–,–,–,–,–,–,–,–
HSS,HSS4X2X.313,HSS4X2X5/16,–,10.58,0.070,2.94,–,–,4.00,3.13,–,–,–,2.00,1.13,–,–,–,–,–,–,–,0.3125,0.291,–,–,–,–,–,–,–,–,–,–,3.87,–,10.7,–,5.13,3.43,2.56,1.32,1.67,2.08,1.67,0.754,–,–,–,4.40,–,3.59,–,–,–,–,–,–,–,–,–,–,–,–,–,–,–,–,–,–,–,–,–,–,–,–,–,–,–,–,–,–,–,–,HSS101.6X50.8X7.9,HSS101.6X50.8X7.9,15.7,1900,–,–,102,79.5,–,–,–,50.8,28.7,–,–,–,–,–,–,–,7.94,7.39,–,–,–,–,–,–,–,–,–,–,3.87,–,10.7,–,2.14,56.2,42.0,33.5,0.695,34.1,27.4,19.2,–,–,–,1830,–,58.8,–,–,–,–,–,–,–,–,–,–,–,–,–,–,–,–,–,–,–,–,–,–,–,–,–,–,–,–,–,–,–,–
HSS,HSS3-1/2X2-1/2X.313,HSS3-1/2X2-1/2X5/16,–,10.58,0.000,2.94,–,–,3.50,2.63,–,–,–,2.50,1.63,–,–,–,–,–,–,–,0.3125,0.291,–,–,–,–,–,–,–,–,–,–,5.59,–,9.03,–,4.34,3.20,2.48,1.22,2.54,2.52,2.03,0.930,–,–,–,5.53,–,4.03,–,–,–,–,–,–,–,–,–,–,–,–,–,–,–,–,–,–,–,–,–,–,–,–,–,–,–,–,–,–,–,–,HSS88.9X63.5X7.9,HSS88.9X63.5X7.9,15.6,1900,–,–,88.9,66.8,–,–,–,63.5,41.4,–,–,–,–,–,–,–,7.94,7.39,–,–,–,–,–,–,–,–,–,–,5.59,–,9.03,–,1.81,52.5,40.7,30.9,1.06,41.4,33.3,23.6,–,–,–,2300,–,66.0,–,–,–,–,–,–,–,–,–,–,–,–,–,–,–,–,–,–,–,–,–,–,–,–,–,–,–,–,–,–,–,–
HSS,HSS7X2X.188,HSS7X2X3/16,–,10.70,0.040,2.93,–,–,7.00,6.48,–,–,–,2.00,1.48,–,–,–,–,–,–,–,0.1875,0.174,–,–,–,–,–,–,–,–,–,–,8.49,–,37.2,–,15.7,5.95,4.49,2.31,2.10,2.39,2.10,0.845,–,–,–,6.35,–,4.32,–,–,–,–,–,–,–,–,–,–,–,–,–,–,–,–,–,–,–,–,–,–,–,–,–,–,–,–,–,–,–,–,HSS177.8X50.8X4.8,HSS177.8X50.8X4.8,15.9,1890,–,–,178,165,–,–,–,50.8,37.6,–,–,–,–,–,–,–,4.76,4.42,–,–,–,–,–,–,–,–,–,–,8.49,–,37.2,–,6.53,97.5,73.6,58.7,0.874,39.2,34.4,21.5,–,–,–,2640,–,70.8,–,–,–,–,–,–,–,–,–,–,–,–,–,–,–,–,–,–,–,–,–,–,–,–,–,–,–,–,–,–,–,–
HSS,HSS6X3X.188,HSS6X3X3/16,–,10.70,0.000,2.93,–,–,6.00,5.48,–,–,–,3.00,2.48,–,–,–,–,–,–,–,0.1875,0.174,–,–,–,–,–,–,–,–,–,–,14.2,–,31.5,–,13.4,5.59,4.47,2.14,4.55,3.45,3.03,1.25,–,–,–,11.1,–,5.71,–,–,–,–,–,–,–,–,–,–,–,–,–,–,–,–,–,–,–,–,–,–,–,–,–,–,–,–,–,–,–,–,HSS152.4X76.2X4.8,HSS152.4X76.2X4.8,15.9,1890,–,–,152,139,–,–,–,76.2,63.0,–,–,–,–,–,–,–,4.76,4.42,–,–,–,–,–,–,–,–,–,–,14.2,–,31.5,–,5.58,91.6,73.3,54.4,1.89,56.5,49.7,31.8,–,–,–,4620,–,93.6,–,–,–,–,–,–,–,–,–,–,–,–,–,–,–,–,–,–,–,–,–,–,–,–,–,–,–,–,–,–,–,–
HSS,HSS5X4X.188,HSS5X4X3/16,–,10.70,0.000,2.93,–,–,5.00,4.48,–,–,–,4.00,3.48,–,–,–,–,–,–,–,0.1875,0.174,–,–,–,–,–,–,–,–,–,–,20.0,–,25.7,–,10.6,5.05,4.22,1.90,7.48,4.34,3.74,1.60,–,–,–,14.0,–,6.41,–,–,–,–,–,–,–,–,–,–,–,–,–,–,–,–,–,–,–,–,–,–,–,–,–,–,–,–,–,–,–,–,HSS127X101.6X4.8,HSS127X101.6X4.8,15.9,1890,–,–,127,114,–,–,–,102,88.4,–,–,–,–,–,–,–,4.76,4.42,–,–,–,–,–,–,–,–,–,–,20.0,–,25.7,–,4.41,82.8,69.2,48.3,3.11,71.1,61.3,40.6,–,–,–,5830,–,105,–,–,–,–,–,–,–,–,–,–,–,–,–,–,–,–,–,–,–,–,–,–,–,–,–,–,–,–,–,–,–,–
HSS,HSS10X3X.125,HSS10X3X1/8,–,10.71,0.010,2.93,–,–,10.0,9.65,–,–,–,3.00,2.65,–,–,–,–,–,–,–,0.125,0.116,–,–,–,–,–,–,–,–,–,–,22.9,–,83.2,–,34.2,8.80,6.83,3.42,5.16,3.74,3.44,1.33,–,–,–,14.9,–,6.61,–,–,–,–,–,–,–,–,–,–,–,–,–,–,–,–,–,–,–,–,–,–,–,–,–,–,–,–,–,–,–,–,HSS254X76.2X3.2,HSS254X76.2X3.2,15.9,1890,–,–,254,245,–,–,–,76.2,67.3,–,–,–,–,–,–,–,3.18,2.95,–,–,–,–,–,–,–,–,–,–,22.9,–,83.2,–,14.2,144,112,86.9,2.15,61.3,56.4,33.8,–,–,–,6200,–,108,–,–,–,–,–,–,–,–,–,–,–,–,–,–,–,–,–,–,–,–,–,–,–,–,–,–,–,–,–,–,–,–
HSS,HSS5X2-1/2X.250,HSS5X2-1/2X1/4,–,11.36,0.560,3.14,–,–,5.00,4.30,–,–,–,2.50,1.80,–,–,–,–,–,–,–,0.250,0.233,–,–,–,–,–,–,–,–,–,–,7.73,–,18.5,–,9.40,4.83,3.76,1.73,3.13,2.95,2.50,0.999,–,–,–,7.93,–,4.99,–,–,–,–,–,–,–,–,–,–,–,–,–,–,–,–,–,–,–,–,–,–,–,–,–,–,–,–,–,–,–,–,HSS127X63.5X6.4,HSS127X63.5X6.4,16.9,2030,–,–,127,109,–,–,–,63.5,45.7,–,–,–,–,–,–,–,6.35,5.92,–,–,–,–,–,–,–,–,–,–,7.73,–,18.5,–,3.91,79.1,61.6,43.9,1.30,48.3,41.0,25.4,–,–,–,3300,–,81.8,–,–,–,–,–,–,–,–,–,–,–,–,–,–,–,–,–,–,–,–,–,–,–,–,–,–,–,–,–,–,–,–
HSS,HSS10X4X.125,HSS10X4X1/8,–,11.56,0.200,3.16,–,–,10.0,9.65,–,–,–,4.00,3.65,–,–,–,–,–,–,–,0.125,0.116,–,–,–,–,–,–,–,–,–,–,31.5,–,83.2,–,39.8,10.0,7.97,3.55,9.65,5.26,4.83,1.75,–,–,–,25.1,–,8.90,–,–,–,–,–,–,–,–,–,–,–,–,–,–,–,–,–,–,–,–,–,–,–,–,–,–,–,–,–,–,–,–,HSS254X101.6X3.2,HSS254X101.6X3.2,17.2,2040,–,–,254,245,–,–,–,102,92.7,–,–,–,–,–,–,–,3.18,2.95,–,–,–,–,–,–,–,–,–,–,31.5,–,83.2,–,16.6,164,131,90.2,4.02,86.2,79.1,44.5,–,–,–,10400,–,146,–,–,–,–,–,–,–,–,–,–,–,–,–,–,–,–,–,–,–,–,–,–,–,–,–,–,–,–,–,–,–,–
HSS,HSS8X2X.188,HSS8X2X3/16,–,11.97,0.290,3.28,–,–,8.00,7.48,–,–,–,2.00,1.48,–,–,–,–,–,–,–,0.1875,0.174,–,–,–,–,–,–,–,–,–,–,8.49,–,43.0,–,22.4,7.51,5.61,2.61,2.39,2.70,2.39,0.853,–,–,–,7.48,–,4.95,–,–,–,–,–,–,–,–,–,–,–,–,–,–,–,–,–,–,–,–,–,–,–,–,–,–,–,–,–,–,–,–,HSS203.2X50.8X4.8,HSS203.2X50.8X4.8,17.8,2120,–,–,203,190,–,–,–,50.8,37.6,–,–,–,–,–,–,–,4.76,4.42,–,–,–,–,–,–,–,–,–,–,8.49,–,43.0,–,9.32,123,91.9,66.3,0.995,44.2,39.2,21.7,–,–,–,3110,–,81.1,–,–,–,–,–,–,–,–,–,–,–,–,–,–,–,–,–,–,–,–,–,–,–,–,–,–,–,–,–,–,–,–
HSS,HSS7X3X.188,HSS7X3X3/16,–,11.97,0.000,3.28,–,–,7.00,6.48,–,–,–,3.00,2.48,–,–,–,–,–,–,–,0.1875,0.174,–,–,–,–,–,–,–,–,–,–,14.2,–,37.2,–,19.8,7.14,5.65,2.45,5.24,3.94,3.50,1.26,–,–,–,13.7,–,6.69,–,–,–,–,–,–,–,–,–,–,–,–,–,–,–,–,–,–,–,–,–,–,–,–,–,–,–,–,–,–,–,–,HSS177.8X76.2X4.8,HSS177.8X76.2X4.8,17.8,2120,–,–,178,165,–,–,–,76.2,63.0,–,–,–,–,–,–,–,4.76,4.42,–,–,–,–,–,–,–,–,–,–,14.2,–,37.2,–,8.24,117,92.6,62.2,2.18,64.6,57.4,32.0,–,–,–,5700,–,110,–,–,–,–,–,–,–,–,–,–,–,–,–,–,–,–,–,–,–,–,–,–,–,–,–,–,–,–,–,–,–,–
HSS,HSS6X4X.188,HSS6X4X3/16,–,11.97,0.000,3.28,–,–,6.00,5.48,–,–,–,4.00,3.48,–,–,–,–,–,–,–,0.1875,0.174,–,–,–,–,–,–,–,–,–,–,20.0,–,31.5,–,16.4,6.60,5.46,2.23,8.76,5.00,4.38,1.63,–,–,–,18.2,–,7.74,–,–,–,–,–,–,–,–,–,–,–,–,–,–,–,–,–,–,–,–,–,–,–,–,–,–,–,–,–,–,–,–,HSS152.4X101.6X4.8,HSS152.4X101.6X4.8,17.8,2120,–,–,152,139,–,–,–,102,88.4,–,–,–,–,–,–,–,4.76,4.42,–,–,–,–,–,–,–,–,–,–,20.0,–,31.5,–,6.83,108,89.5,56.6,3.65,81.9,71.8,41.4,–,–,–,7580,–,127,–,–,–,–,–,–,–,–,–,–,–,–,–,–,–,–,–,–,–,–,–,–,–,–,–,–,–,–,–,–,–,–
HSS,HSS4X2X.375,HSS4X2X3/8,–,12.17,0.200,3.39,–,–,4.00,2.95,–,–,–,2.00,0.953,–,–,–,–,–,–,–,0.375,0.349,–,–,–,–,–,–,–,–,–,–,2.73,–,8.46,–,5.60,3.84,2.80,1.29,1.80,2.31,1.80,0.729,–,–,–,4.83,–,4.04,–,–,–,–,–,–,–,–,–,–,–,–,–,–,–,–,–,–,–,–,–,–,–,–,–,–,–,–,–,–,–,–,HSS101.6X50.8X9.5,HSS101.6X50.8X9.5,18.0,2190,–,–,102,74.9,–,–,–,50.8,24.2,–,–,–,–,–,–,–,9.53,8.86,–,–,–,–,–,–,–,–,–,–,2.73,–,8.46,–,2.33,62.9,45.9,32.8,0.749,37.9,29.5,18.5,–,–,–,2010,–,66.2,–,–,–,–,–,–,–,–,–,–,–,–,–,–,–,–,–,–,–,–,–,–,–,–,–,–,–,–,–,–,–,–
HSS,HSS3-1/2X2-1/2X.375,HSS3-1/2X2-1/2X3/8,–,12.17,0.000,3.39,–,–,3.50,2.45,–,–,–,2.50,1.45,–,–,–,–,–,–,–,0.375,0.349,–,–,–,–,–,–,–,–,–,–,4.16,–,7.03,–,4.75,3.59,2.72,1.18,2.77,2.82,2.21,0.904,–,–,–,6.16,–,4.57,–,–,–,–,–,–,–,–,–,–,–,–,–,–,–,–,–,–,–,–,–,–,–,–,–,–,–,–,–,–,–,–,HSS88.9X63.5X9.5,HSS88.9X63.5X9.5,18.0,2190,–,–,88.9,62.2,–,–,–,63.5,36.8,–,–,–,–,–,–,–,9.53,8.86,–,–,–,–,–,–,–,–,–,–,4.16,–,7.03,–,1.98,58.8,44.5,30.1,1.15,46.3,36.3,23.0,–,–,–,2560,–,74.8,–,–,–,–,–,–,–,–,–,–,–,–,–,–,–,–,–,–,–,–,–,–,–,–,–,–,–,–,–,–,–,–
HSS,HSS6X2X.250,HSS6X2X1/4,–,12.21,0.040,3.37,–,–,6.00,5.30,–,–,–,2.00,1.30,–,–,–,–,–,–,–,0.250,0.233,–,–,–,–,–,–,–,–,–,–,5.58,–,22.8,–,13.1,5.84,4.37,1.97,2.21,2.61,2.21,0.810,–,–,–,6.55,–,4.70,–,–,–,–,–,–,–,–,–,–,–,–,–,–,–,–,–,–,–,–,–,–,–,–,–,–,–,–,–,–,–,–,HSS152.4X50.8X6.4,HSS152.4X50.8X6.4,18.1,2170,–,–,152,135,–,–,–,50.8,33.0,–,–,–,–,–,–,–,6.35,5.92,–,–,–,–,–,–,–,–,–,–,5.58,–,22.8,–,5.45,95.7,71.6,50.0,0.920,42.8,36.2,20.6,–,–,–,2730,–,77.0,–,–,–,–,–,–,–,–,–,–,–,–,–,–,–,–,–,–,–,–,–,–,–,–,–,–,–,–,–,–,–,–
HSS,HSS5X3X.250,HSS5X3X1/4,–,12.21,0.000,3.37,–,–,5.00,4.30,–,–,–,3.00,2.30,–,–,–,–,–,–,–,0.250,0.233,–,–,–,–,–,–,–,–,–,–,9.88,–,18.5,–,10.7,5.38,4.29,1.78,4.81,3.77,3.21,1.19,–,–,–,11.0,–,6.10,–,–,–,–,–,–,–,–,–,–,–,–,–,–,–,–,–,–,–,–,–,–,–,–,–,–,–,–,–,–,–,–,HSS127X76.2X6.4,HSS127X76.2X6.4,18.1,2170,–,–,127,109,–,–,–,76.2,58.4,–,–,–,–,–,–,–,6.35,5.92,–,–,–,–,–,–,–,–,–,–,9.88,–,18.5,–,4.45,88.2,70.3,45.2,2.00,61.8,52.6,30.2,–,–,–,4580,–,100,–,–,–,–,–,–,–,–,–,–,–,–,–,–,–,–,–,–,–,–,–,–,–,–,–,–,–,–,–,–,–,–
HSS,HSS5X2X.313,HSS5X2X5/16,–,12.70,0.010,3.52,–,–,5.00,4.13,–,–,–,2.00,1.13,–,–,–,–,–,–,–,0.3125,0.291,–,–,–,–,–,–,–,–,–,–,3.87,–,14.2,–,9.35,5.05,3.74,1.63,2.10,2.57,2.10,0.772,–,–,–,5.99,–,4.59,–,–,–,–,–,–,–,–,–,–,–,–,–,–,–,–,–,–,–,–,–,–,–,–,–,–,–,–,–,–,–,–,HSS127X50.8X7.9,HSS127X50.8X7.9,18.8,2270,–,–,127,105,–,–,–,50.8,28.7,–,–,–,–,–,–,–,7.94,7.39,–,–,–,–,–,–,–,–,–,–,3.87,–,14.2,–,3.89,82.8,61.3,41.4,0.874,42.1,34.4,19.6,–,–,–,2490,–,75.2,–,–,–,–,–,–,–,–,–,–,–,–,–,–,–,–,–,–,–,–,–,–,–,–,–,–,–,–,–,–,–,–
HSS,HSS4X3X.313,HSS4X3X5/16,–,12.70,0.000,3.52,–,–,4.00,3.13,–,–,–,3.00,2.13,–,–,–,–,–,–,–,0.3125,0.291,–,–,–,–,–,–,–,–,–,–,7.31,–,10.7,–,7.14,4.51,3.57,1.42,4.52,3.69,3.02,1.13,–,–,–,9.41,–,5.75,–,–,–,–,–,–,–,–,–,–,–,–,–,–,–,–,–,–,–,–,–,–,–,–,–,–,–,–,–,–,–,–,HSS101.6X76.2X7.9,HSS101.6X76.2X7.9,18.8,2270,–,–,102,79.5,–,–,–,76.2,54.1,–,–,–,–,–,–,–,7.94,7.39,–,–,–,–,–,–,–,–,–,–,7.31,–,10.7,–,2.97,73.9,58.5,36.1,1.88,60.5,49.5,28.7,–,–,–,3920,–,94.2,–,–,–,–,–,–,–,–,–,–,–,–,–,–,–,–,–,–,–,–,–,–,–,–,–,–,–,–,–,–,–,–
HSS,HSS8X3X.188,HSS8X3X3/16,–,13.25,0.170,3.63,–,–,8.00,7.48,–,–,–,3.00,2.48,–,–,–,–,–,–,–,0.1875,0.174,–,–,–,–,–,–,–,–,–,–,14.2,–,43.0,–,27.8,8.87,6.94,2.77,5.94,4.43,3.96,1.28,–,–,–,16.2,–,7.68,–,–,–,–,–,–,–,–,–,–,–,–,–,–,–,–,–,–,–,–,–,–,–,–,–,–,–,–,–,–,–,–,HSS203.2X76.2X4.8,HSS203.2X76.2X4.8,19.7,2340,–,–,203,190,–,–,–,76.2,63.0,–,–,–,–,–,–,–,4.76,4.42,–,–,–,–,–,–,–,–,–,–,14.2,–,43.0,–,11.6,145,114,70.4,2.47,72.6,64.9,32.5,–,–,–,6740,–,126,–,–,–,–,–,–,–,–,–,–,–,–,–,–,–,–,–,–,–,–,–,–,–,–,–,–,–,–,–,–,–,–
HSS,HSS7X4X.188,HSS7X4X3/16,–,13.25,0.000,3.63,–,–,7.00,6.48,–,–,–,4.00,3.48,–,–,–,–,–,–,–,0.1875,0.174,–,–,–,–,–,–,–,–,–,–,20.0,–,37.2,–,23.8,8.33,6.81,2.56,10.0,5.67,5.02,1.66,–,–,–,22.7,–,9.07,–,–,–,–,–,–,–,–,–,–,–,–,–,–,–,–,–,–,–,–,–,–,–,–,–,–,–,–,–,–,–,–,HSS177.8X101.6X4.8,HSS177.8X101.6X4.8,19.7,2340,–,–,178,165,–,–,–,102,88.4,–,–,–,–,–,–,–,4.76,4.42,–,–,–,–,–,–,–,–,–,–,20.0,–,37.2,–,9.91,137,112,65.0,4.16,92.9,82.3,42.2,–,–,–,9450,–,149,–,–,–,–,–,–,–,–,–,–,–,–,–,–,–,–,–,–,–,–,–,–,–,–,–,–,–,–,–,–,–,–
HSS,HSS6X5X.188,HSS6X5X3/16,–,13.25,0.000,3.63,–,–,6.00,5.48,–,–,–,5.00,4.48,–,–,–,–,–,–,–,0.1875,0.174,–,–,–,–,–,–,–,–,–,–,25.7,–,31.5,–,19.3,7.62,6.44,2.31,14.6,6.73,5.84,2.01,–,–,–,26.3,–,9.76,–,–,–,–,–,–,–,–,–,–,–,–,–,–,–,–,–,–,–,–,–,–,–,–,–,–,–,–,–,–,–,–,HSS152.4X127X4.8,HSS152.4X127X4.8,19.7,2340,–,–,152,139,–,–,–,127,114,–,–,–,–,–,–,–,4.76,4.42,–,–,–,–,–,–,–,–,–,–,25.7,–,31.5,–,8.03,125,106,58.7,6.08,110,95.7,51.1,–,–,–,10900,–,160,–,–,–,–,–,–,–,–,–,–,–,–,–,–,–,–,–,–,–,–,–,–,–,–,–,–,–,–,–,–,–,–
HSS,HSS7X2X.250,HSS7X2X1/4,–,13.91,0.220,3.84,–,–,7.00,6.30,–,–,–,2.00,1.30,–,–,–,–,–,–,–,0.250,0.233,–,–,–,–,–,–,–,–,–,–,5.58,–,27.0,–,19.8,7.64,5.67,2.27,2.58,3.02,2.58,0.819,–,–,–,7.95,–,5.52,–,–,–,–,–,–,–,–,–,–,–,–,–,–,–,–,–,–,–,–,–,–,–,–,–,–,–,–,–,–,–,–,HSS177.8X50.8X6.4,HSS177.8X50.8X6.4,20.7,2480,–,–,178,160,–,–,–,50.8,33.0,–,–,–,–,–,–,–,6.35,5.92,–,–,–,–,–,–,–,–,–,–,5.58,–,27.0,–,8.24,125,92.9,57.7,1.07,49.5,42.3,20.8,–,–,–,3310,–,90.5,–,–,–,–,–,–,–,–,–,–,–,–,–,–,–,–,–,–,–,–,–,–,–,–,–,–,–,–,–,–,–,–
HSS,HSS6X3X.250,HSS6X3X1/4,–,13.91,0.000,3.84,–,–,6.00,5.30,–,–,–,3.00,2.30,–,–,–,–,–,–,–,0.250,0.233,–,–,–,–,–,–,–,–,–,–,9.88,–,22.8,–,17.0,7.19,5.66,2.10,5.70,4.41,3.80,1.22,–,–,–,14.2,–,7.39,–,–,–,–,–,–,–,–,–,–,–,–,–,–,–,–,–,–,–,–,–,–,–,–,–,–,–,–,–,–,–,–,HSS152.4X76.2X6.4,HSS152.4X76.2X6.4,20.7,2480,–,–,152,135,–,–,–,76.2,58.4,–,–,–,–,–,–,–,6.35,5.92,–,–,–,–,–,–,–,–,–,–,9.88,–,22.8,–,7.08,118,92.8,53.3,2.37,72.3,62.3,31.0,–,–,–,5910,–,121,–,–,–,–,–,–,–,–,–,–,–,–,–,–,–,–,–,–,–,–,–,–,–,–,–,–,–,–,–,–,–,–
HSS,HSS5X4X.250,HSS5X4X1/4,–,13.91,0.000,3.84,–,–,5.00,4.30,–,–,–,4.00,3.30,–,–,–,–,–,–,–,0.250,0.233,–,–,–,–,–,–,–,–,–,–,14.2,–,18.5,–,13.4,6.49,5.35,1.87,9.46,5.57,4.73,1.57,–,–,–,18.0,–,8.32,–,–,–,–,–,–,–,–,–,–,–,–,–,–,–,–,–,–,–,–,–,–,–,–,–,–,–,–,–,–,–,–,HSS127X101.6X6.4,HSS127X101.6X6.4,20.7,2480,–,–,127,109,–,–,–,102,83.8,–,–,–,–,–,–,–,6.35,5.92,–,–,–,–,–,–,–,–,–,–,14.2,–,18.5,–,5.58,106,87.7,47.5,3.94,91.3,77.5,39.9,–,–,–,7490,–,136,–,–,–,–,–,–,–,–,–,–,–,–,–,–,–,–,–,–,–,–,–,–,–,–,–,–,–,–,–,–,–,–
HSS,HSS10X2X.188,HSS10X2X3/16,–,14.53,0.070,3.98,–,–,10.0,9.48,–,–,–,2.00,1.48,–,–,–,–,–,–,–,0.1875,0.174,–,–,–,–,–,–,–,–,–,–,8.49,–,54.5,–,41.0,11.1,8.19,3.21,2.97,3.34,2.97,0.864,–,–,–,9.74,–,6.22,–,–,–,–,–,–,–,–,–,–,–,–,–,–,–,–,–,–,–,–,–,–,–,–,–,–,–,–,–,–,–,–,HSS254X50.8X4.8,HSS254X50.8X4.8,21.6,2570,–,–,254,241,–,–,–,50.8,37.6,–,–,–,–,–,–,–,4.76,4.42,–,–,–,–,–,–,–,–,–,–,8.49,–,54.5,–,17.1,182,134,81.5,1.24,54.7,48.7,21.9,–,–,–,4050,–,102,–,–,–,–,–,–,–,–,–,–,–,–,–,–,–,–,–,–,–,–,–,–,–,–,–,–,–,–,–,–,–,–
HSS,HSS9X3X.188,HSS9X3X3/16,–,14.53,0.000,3.98,–,–,9.00,8.48,–,–,–,3.00,2.48,–,–,–,–,–,–,–,0.1875,0.174,–,–,–,–,–,–,–,–,–,–,14.2,–,48.7,–,37.6,10.8,8.35,3.07,6.64,4.92,4.42,1.29,–,–,–,18.9,–,8.66,–,–,–,–,–,–,–,–,–,–,–,–,–,–,–,–,–,–,–,–,–,–,–,–,–,–,–,–,–,–,–,–,HSS228.6X76.2X4.8,HSS228.6X76.2X4.8,21.6,2570,–,–,229,215,–,–,–,76.2,63.0,–,–,–,–,–,–,–,4.76,4.42,–,–,–,–,–,–,–,–,–,–,14.2,–,48.7,–,15.7,177,137,78.0,2.76,80.6,72.4,32.8,–,–,–,7870,–,142,–,–,–,–,–,–,–,–,–,–,–,–,–,–,–,–,–,–,–,–,–,–,–,–,–,–,–,–,–,–,–,–
HSS,HSS8X4X.188,HSS8X4X3/16,–,14.53,0.000,3.98,–,–,8.00,7.48,–,–,–,4.00,3.48,–,–,–,–,–,–,–,0.1875,0.174,–,–,–,–,–,–,–,–,–,–,20.0,–,43.0,–,33.1,10.2,8.27,2.88,11.3,6.33,5.65,1.69,–,–,–,27.2,–,10.4,–,–,–,–,–,–,–,–,–,–,–,–,–,–,–,–,–,–,–,–,–,–,–,–,–,–,–,–,–,–,–,–,HSS203.2X101.6X4.8,HSS203.2X101.6X4.8,21.6,2570,–,–,203,190,–,–,–,102,88.4,–,–,–,–,–,–,–,4.76,4.42,–,–,–,–,–,–,–,–,–,–,20.0,–,43.0,–,13.8,167,136,73.2,4.70,104,92.6,42.9,–,–,–,11300,–,170,–,–,–,–,–,–,–,–,–,–,–,–,–,–,–,–,–,–,–,–,–,–,–,–,–,–,–,–,–,–,–,–
HSS,HSS7X5X.188,HSS7X5X3/16,–,14.53,0.000,3.98,–,–,7.00,6.48,–,–,–,5.00,4.48,–,–,–,–,–,–,–,0.1875,0.174,–,–,–,–,–,–,–,–,–,–,25.7,–,37.2,–,27.9,9.52,7.96,2.65,16.6,7.57,6.65,2.05,–,–,–,32.9,–,11.4,–,–,–,–,–,–,–,–,–,–,–,–,–,–,–,–,–,–,–,–,–,–,–,–,–,–,–,–,–,–,–,–,HSS177.8X127X4.8,HSS177.8X127X4.8,21.6,2570,–,–,178,165,–,–,–,127,114,–,–,–,–,–,–,–,4.76,4.42,–,–,–,–,–,–,–,–,–,–,25.7,–,37.2,–,11.6,156,130,67.3,6.91,124,109,52.1,–,–,–,13700,–,187,–,–,–,–,–,–,–,–,–,–,–,–,–,–,–,–,–,–,–,–,–,–,–,–,–,–,–,–,–,–,–,–
HSS,HSS5X2X.375,HSS5X2X3/8,–,14.72,0.020,4.09,–,–,5.00,3.95,–,–,–,2.00,0.953,–,–,–,–,–,–,–,0.375,0.349,–,–,–,–,–,–,–,–,–,–,2.73,–,11.3,–,10.4,5.71,4.14,1.59,2.28,2.88,2.28,0.748,–,–,–,6.61,–,5.20,–,–,–,–,–,–,–,–,–,–,–,–,–,–,–,–,–,–,–,–,–,–,–,–,–,–,–,–,–,–,–,–,HSS127X50.8X9.5,HSS127X50.8X9.5,21.8,2640,–,–,127,100,–,–,–,50.8,24.2,–,–,–,–,–,–,–,9.53,8.86,–,–,–,–,–,–,–,–,–,–,2.73,–,11.3,–,4.33,93.6,67.8,40.4,0.949,47.2,37.4,19.0,–,–,–,2750,–,85.2,–,–,–,–,–,–,–,–,–,–,–,–,–,–,–,–,–,–,–,–,–,–,–,–,–,–,–,–,–,–,–,–
HSS,HSS4X3X.375,HSS4X3X3/8,–,14.72,0.000,4.09,–,–,4.00,2.95,–,–,–,3.00,1.95,–,–,–,–,–,–,–,0.375,0.349,–,–,–,–,–,–,–,–,–,–,5.60,–,8.46,–,7.93,5.12,3.97,1.39,5.01,4.18,3.34,1.11,–,–,–,10.6,–,6.59,–,–,–,–,–,–,–,–,–,–,–,–,–,–,–,–,–,–,–,–,–,–,–,–,–,–,–,–,–,–,–,–,HSS101.6X76.2X9.5,HSS101.6X76.2X9.5,21.8,2640,–,–,102,74.9,–,–,–,76.2,49.5,–,–,–,–,–,–,–,9.53,8.86,–,–,–,–,–,–,–,–,–,–,5.60,–,8.46,–,3.30,83.9,65.1,35.3,2.09,68.5,54.7,28.2,–,–,–,4410,–,108,–,–,–,–,–,–,–,–,–,–,–,–,–,–,–,–,–,–,–,–,–,–,–,–,–,–,–,–,–,–,–,–
HSS,HSS6X2X.313,HSS6X2X5/16,–,14.83,0.110,4.10,–,–,6.00,5.13,–,–,–,2.00,1.13,–,–,–,–,–,–,–,0.3125,0.291,–,–,–,–,–,–,–,–,–,–,3.87,–,17.6,–,15.3,6.95,5.11,1.93,2.52,3.07,2.52,0.785,–,–,–,7.60,–,5.58,–,–,–,–,–,–,–,–,–,–,–,–,–,–,–,–,–,–,–,–,–,–,–,–,–,–,–,–,–,–,–,–,HSS152.4X50.8X7.9,HSS152.4X50.8X7.9,22.0,2650,–,–,152,130,–,–,–,50.8,28.7,–,–,–,–,–,–,–,7.94,7.39,–,–,–,–,–,–,–,–,–,–,3.87,–,17.6,–,6.37,114,83.7,49.0,1.05,50.3,41.3,19.9,–,–,–,3160,–,91.4,–,–,–,–,–,–,–,–,–,–,–,–,–,–,–,–,–,–,–,–,–,–,–,–,–,–,–,–,–,–,–,–
HSS,HSS5X3X.313,HSS5X3X5/16,–,14.83,0.000,4.10,–,–,5.00,4.13,–,–,–,3.00,2.13,–,–,–,–,–,–,–,0.3125,0.291,–,–,–,–,–,–,–,–,–,–,7.31,–,14.2,–,12.6,6.42,5.03,1.75,5.60,4.48,3.73,1.17,–,–,–,13.1,–,7.33,–,–,–,–,–,–,–,–,–,–,–,–,–,–,–,–,–,–,–,–,–,–,–,–,–,–,–,–,–,–,–,–,HSS127X76.2X7.9,HSS127X76.2X7.9,22.0,2650,–,–,127,105,–,–,–,76.2,54.1,–,–,–,–,–,–,–,7.94,7.39,–,–,–,–,–,–,–,–,–,–,7.31,–,14.2,–,5.24,105,82.4,44.5,2.33,73.4,61.1,29.7,–,–,–,5450,–,120,–,–,–,–,–,–,–,–,–,–,–,–,–,–,–,–,–,–,–,–,–,–,–,–,–,–,–,–,–,–,–,–
HSS,HSS8X2X.250,HSS8X2X1/4,–,15.62,0.250,4.30,–,–,8.00,7.30,–,–,–,2.00,1.30,–,–,–,–,–,–,–,0.250,0.233,–,–,–,–,–,–,–,–,–,–,5.58,–,31.3,–,28.5,9.68,7.12,2.57,2.94,3.43,2.94,0.827,–,–,–,9.36,–,6.35,–,–,–,–,–,–,–,–,–,–,–,–,–,–,–,–,–,–,–,–,–,–,–,–,–,–,–,–,–,–,–,–,HSS203.2X50.8X6.4,HSS203.2X50.8X6.4,23.2,2770,–,–,203,185,–,–,–,50.8,33.0,–,–,–,–,–,–,–,6.35,5.92,–,–,–,–,–,–,–,–,–,–,5.58,–,31.3,–,11.9,159,117,65.3,1.22,56.2,48.2,21.0,–,–,–,3900,–,104,–,–,–,–,–,–,–,–,–,–,–,–,–,–,–,–,–,–,–,–,–,–,–,–,–,–,–,–,–,–,–,–
HSS,HSS7X3X.250,HSS7X3X1/4,–,15.62,0.000,4.30,–,–,7.00,6.30,–,–,–,3.00,2.30,–,–,–,–,–,–,–,0.250,0.233,–,–,–,–,–,–,–,–,–,–,9.88,–,27.0,–,25.2,9.22,7.19,2.42,6.60,5.06,4.40,1.24,–,–,–,17.5,–,8.68,–,–,–,–,–,–,–,–,–,–,–,–,–,–,–,–,–,–,–,–,–,–,–,–,–,–,–,–,–,–,–,–,HSS177.8X76.2X6.4,HSS177.8X76.2X6.4,23.2,2770,–,–,178,160,–,–,–,76.2,58.4,–,–,–,–,–,–,–,6.35,5.92,–,–,–,–,–,–,–,–,–,–,9.88,–,27.0,–,10.5,151,118,61.5,2.75,82.9,72.1,31.5,–,–,–,7280,–,142,–,–,–,–,–,–,–,–,–,–,–,–,–,–,–,–,–,–,–,–,–,–,–,–,–,–,–,–,–,–,–,–
HSS,HSS6X4X.250,HSS6X4X1/4,–,15.62,0.000,4.30,–,–,6.00,5.30,–,–,–,4.00,3.30,–,–,–,–,–,–,–,0.250,0.233,–,–,–,–,–,–,–,–,–,–,14.2,–,22.8,–,20.9,8.53,6.96,2.20,11.1,6.45,5.56,1.61,–,–,–,23.6,–,10.1,–,–,–,–,–,–,–,–,–,–,–,–,–,–,–,–,–,–,–,–,–,–,–,–,–,–,–,–,–,–,–,–,HSS152.4X101.6X6.4,HSS152.4X101.6X6.4,23.2,2770,–,–,152,135,–,–,–,102,83.8,–,–,–,–,–,–,–,6.35,5.92,–,–,–,–,–,–,–,–,–,–,14.2,–,22.8,–,8.70,140,114,55.9,4.62,106,91.1,40.9,–,–,–,9820,–,166,–,–,–,–,–,–,–,–,–,–,–,–,–,–,–,–,–,–,–,–,–,–,–,–,–,–,–,–,–,–,–,–
HSS,HSS10X3X.188,HSS10X3X3/16,–,15.80,0.160,4.32,–,–,10.0,9.48,–,–,–,3.00,2.48,–,–,–,–,–,–,–,0.1875,0.174,–,–,–,–,–,–,–,–,–,–,14.2,–,54.5,–,49.4,12.8,9.87,3.38,7.33,5.41,4.89,1.30,–,–,–,21.5,–,9.64,–,–,–,–,–,–,–,–,–,–,–,–,–,–,–,–,–,–,–,–,–,–,–,–,–,–,–,–,–,–,–,–,HSS254X76.2X4.8,HSS254X76.2X4.8,23.5,2790,–,–,254,241,–,–,–,76.2,63.0,–,–,–,–,–,–,–,4.76,4.42,–,–,–,–,–,–,–,–,–,–,14.2,–,54.5,–,20.6,210,162,85.9,3.05,88.7,80.1,33.0,–,–,–,8950,–,158,–,–,–,–,–,–,–,–,–,–,–,–,–,–,–,–,–,–,–,–,–,–,–,–,–,–,–,–,–,–,–,–
HSS,HSS10X3-1/2X.188,HSS10X3-1/2X3/16,–,16.44,0.640,4.50,–,–,10.0,9.48,–,–,–,3.50,2.98,–,–,–,–,–,–,–,0.1875,0.174,–,–,–,–,–,–,–,–,–,–,17.1,–,54.5,–,53.6,13.7,10.7,3.45,10.3,6.52,5.89,1.51,–,–,–,28.6,–,11.4,–,–,–,–,–,–,–,–,–,–,–,–,–,–,–,–,–,–,–,–,–,–,–,–,–,–,–,–,–,–,–,–,HSS254X88.9X4.8,HSS254X88.9X4.8,24.5,2900,–,–,254,241,–,–,–,88.9,75.7,–,–,–,–,–,–,–,4.76,4.42,–,–,–,–,–,–,–,–,–,–,17.1,–,54.5,–,22.3,225,175,87.6,4.29,107,96.5,38.4,–,–,–,11900,–,187,–,–,–,–,–,–,–,–,–,–,–,–,–,–,–,–,–,–,–,–,–,–,–,–,–,–,–,–,–,–,–,–
HSS,HSS6X3X.313,HSS6X3X5/16,–,16.96,0.420,4.68,–,–,6.00,5.13,–,–,–,3.00,2.13,–,–,–,–,–,–,–,0.3125,0.291,–,–,–,–,–,–,–,–,–,–,7.31,–,17.6,–,20.1,8.61,6.69,2.07,6.67,5.27,4.45,1.19,–,–,–,16.9,–,8.91,–,–,–,–,–,–,–,–,–,–,–,–,–,–,–,–,–,–,–,–,–,–,–,–,–,–,–,–,–,–,–,–,HSS152.4X76.2X7.9,HSS152.4X76.2X7.9,25.2,3020,–,–,152,130,–,–,–,76.2,54.1,–,–,–,–,–,–,–,7.94,7.39,–,–,–,–,–,–,–,–,–,–,7.31,–,17.6,–,8.37,141,110,52.6,2.78,86.4,72.9,30.2,–,–,–,7030,–,146,–,–,–,–,–,–,–,–,–,–,–,–,–,–,–,–,–,–,–,–,–,–,–,–,–,–,–,–,–,–,–,–
HSS,HSS5X4X.313,HSS5X4X5/16,–,16.96,0.000,4.68,–,–,5.00,4.13,–,–,–,4.00,3.13,–,–,–,–,–,–,–,0.3125,0.291,–,–,–,–,–,–,–,–,–,–,10.7,–,14.2,–,15.8,7.79,6.32,1.84,11.1,6.67,5.57,1.54,–,–,–,21.7,–,10.1,–,–,–,–,–,–,–,–,–,–,–,–,–,–,–,–,–,–,–,–,–,–,–,–,–,–,–,–,–,–,–,–,HSS127X101.6X7.9,HSS127X101.6X7.9,25.2,3020,–,–,127,105,–,–,–,102,79.5,–,–,–,–,–,–,–,7.94,7.39,–,–,–,–,–,–,–,–,–,–,10.7,–,14.2,–,6.58,128,104,46.7,4.62,109,91.3,39.1,–,–,–,9030,–,166,–,–,–,–,–,–,–,–,–,–,–,–,–,–,–,–,–,–,–,–,–,–,–,–,–,–,–,–,–,–,–,–
HSS,HSS12X2X.188,HSS12X2X3/16,–,17.08,0.040,4.67,–,–,12.0,11.5,–,–,–,2.00,1.48,–,–,–,–,–,–,–,0.1875,0.174,–,–,–,–,–,–,–,–,–,–,8.49,–,66.0,–,67.4,15.5,11.2,3.80,3.55,3.97,3.55,0.872,–,–,–,12.0,–,7.49,–,–,–,–,–,–,–,–,–,–,–,–,–,–,–,–,–,–,–,–,–,–,–,–,–,–,–,–,–,–,–,–,HSS304.8X50.8X4.8,HSS304.8X50.8X4.8,25.4,3010,–,–,305,292,–,–,–,50.8,37.6,–,–,–,–,–,–,–,4.76,4.42,–,–,–,–,–,–,–,–,–,–,8.49,–,66.0,–,28.1,254,184,96.5,1.48,65.1,58.2,22.1,–,–,–,4990,–,123,–,–,–,–,–,–,–,–,–,–,–,–,–,–,–,–,–,–,–,–,–,–,–,–,–,–,–,–,–,–,–,–
HSS,HSS10X4X.188,HSS10X4X3/16,–,17.08,0.000,4.67,–,–,10.0,9.48,–,–,–,4.00,3.48,–,–,–,–,–,–,–,0.1875,0.174,–,–,–,–,–,–,–,–,–,–,20.0,–,54.5,–,57.8,14.6,11.6,3.52,13.9,7.66,6.93,1.72,–,–,–,36.5,–,13.1,–,–,–,–,–,–,–,–,–,–,–,–,–,–,–,–,–,–,–,–,–,–,–,–,–,–,–,–,–,–,–,–,HSS254X101.6X4.8,HSS254X101.6X4.8,25.4,3010,–,–,254,241,–,–,–,102,88.4,–,–,–,–,–,–,–,4.76,4.42,–,–,–,–,–,–,–,–,–,–,20.0,–,54.5,–,24.1,239,190,89.4,5.79,126,114,43.7,–,–,–,15200,–,215,–,–,–,–,–,–,–,–,–,–,–,–,–,–,–,–,–,–,–,–,–,–,–,–,–,–,–,–,–,–,–,–
HSS,HSS9X5X.188,HSS9X5X3/16,–,17.08,0.000,4.67,–,–,9.00,8.48,–,–,–,5.00,4.48,–,–,–,–,–,–,–,0.1875,0.174,–,–,–,–,–,–,–,–,–,–,25.7,–,48.7,–,51.1,13.8,11.4,3.31,20.7,9.25,8.28,2.10,–,–,–,46.9,–,14.8,–,–,–,–,–,–,–,–,–,–,–,–,–,–,–,–,–,–,–,–,–,–,–,–,–,–,–,–,–,–,–,–,HSS228.6X127X4.8,HSS228.6X127X4.8,25.4,3010,–,–,229,215,–,–,–,127,114,–,–,–,–,–,–,–,4.76,4.42,–,–,–,–,–,–,–,–,–,–,25.7,–,48.7,–,21.3,226,187,84.1,8.62,152,136,53.3,–,–,–,19500,–,243,–,–,–,–,–,–,–,–,–,–,–,–,–,–,–,–,–,–,–,–,–,–,–,–,–,–,–,–,–,–,–,–
HSS,HSS8X6X.188,HSS8X6X3/16,–,17.08,0.000,4.67,–,–,8.00,7.48,–,–,–,6.00,5.48,–,–,–,–,–,–,–,0.1875,0.174,–,–,–,–,–,–,–,–,–,–,31.5,–,43.0,–,43.7,13.0,10.9,3.06,28.2,10.7,9.39,2.46,–,–,–,53.7,–,15.8,–,–,–,–,–,–,–,–,–,–,–,–,–,–,–,–,–,–,–,–,–,–,–,–,–,–,–,–,–,–,–,–,HSS203.2X152.4X4.8,HSS203.2X152.4X4.8,25.4,3010,–,–,203,190,–,–,–,152,139,–,–,–,–,–,–,–,4.76,4.42,–,–,–,–,–,–,–,–,–,–,31.5,–,43.0,–,18.2,213,179,77.7,11.7,175,154,62.5,–,–,–,22400,–,259,–,–,–,–,–,–,–,–,–,–,–,–,–,–,–,–,–,–,–,–,–,–,–,–,–,–,–,–,–,–,–,–
HSS,HSS6X2X.375,HSS6X2X3/8,–,17.27,0.150,4.78,–,–,6.00,4.95,–,–,–,2.00,0.953,–,–,–,–,–,–,–,0.375,0.349,–,–,–,–,–,–,–,–,–,–,2.73,–,14.2,–,17.1,7.93,5.71,1.89,2.77,3.46,2.77,0.760,–,–,–,8.42,–,6.35,–,–,–,–,–,–,–,–,–,–,–,–,–,–,–,–,–,–,–,–,–,–,–,–,–,–,–,–,–,–,–,–,HSS152.4X50.8X9.5,HSS152.4X50.8X9.5,25.6,3080,–,–,152,126,–,–,–,50.8,24.2,–,–,–,–,–,–,–,9.53,8.86,–,–,–,–,–,–,–,–,–,–,2.73,–,14.2,–,7.12,130,93.6,48.0,1.15,56.7,45.4,19.3,–,–,–,3500,–,104,–,–,–,–,–,–,–,–,–,–,–,–,–,–,–,–,–,–,–,–,–,–,–,–,–,–,–,–,–,–,–,–
HSS,HSS5X3X.375,HSS5X3X3/8,–,17.27,0.000,4.78,–,–,5.00,3.95,–,–,–,3.00,1.95,–,–,–,–,–,–,–,0.375,0.349,–,–,–,–,–,–,–,–,–,–,5.60,–,11.3,–,14.1,7.34,5.65,1.72,6.25,5.10,4.16,1.14,–,–,–,14.9,–,8.44,–,–,–,–,–,–,–,–,–,–,–,–,–,–,–,–,–,–,–,–,–,–,–,–,–,–,–,–,–,–,–,–,HSS127X76.2X9.5,HSS127X76.2X9.5,25.6,3080,–,–,127,100,–,–,–,76.2,49.5,–,–,–,–,–,–,–,9.53,8.86,–,–,–,–,–,–,–,–,–,–,5.60,–,11.3,–,5.87,120,92.6,43.7,2.60,83.6,68.2,29.0,–,–,–,6200,–,138,–,–,–,–,–,–,–,–,–,–,–,–,–,–,–,–,–,–,–,–,–,–,–,–,–,–,–,–,–,–,–,–
HSS,HSS8X3X.250,HSS8X3X1/4,–,17.32,0.050,4.77,–,–,8.00,7.30,–,–,–,3.00,2.30,–,–,–,–,–,–,–,0.250,0.233,–,–,–,–,–,–,–,–,–,–,9.88,–,31.3,–,35.5,11.5,8.88,2.73,7.49,5.70,4.99,1.25,–,–,–,20.8,–,10.0,–,–,–,–,–,–,–,–,–,–,–,–,–,–,–,–,–,–,–,–,–,–,–,–,–,–,–,–,–,–,–,–,HSS203.2X76.2X6.4,HSS203.2X76.2X6.4,25.7,3080,–,–,203,185,–,–,–,76.2,58.4,–,–,–,–,–,–,–,6.35,5.92,–,–,–,–,–,–,–,–,–,–,9.88,–,31.3,–,14.8,188,146,69.3,3.12,93.4,81.8,31.8,–,–,–,8660,–,164,–,–,–,–,–,–,–,–,–,–,–,–,–,–,–,–,–,–,–,–,–,–,–,–,–,–,–,–,–,–,–,–
HSS,HSS7X4X.250,HSS7X4X1/4,–,17.32,0.000,4.77,–,–,7.00,6.30,–,–,–,4.00,3.30,–,–,–,–,–,–,–,0.250,0.233,–,–,–,–,–,–,–,–,–,–,14.2,–,27.0,–,30.5,10.8,8.72,2.53,12.8,7.33,6.38,1.64,–,–,–,29.3,–,11.8,–,–,–,–,–,–,–,–,–,–,–,–,–,–,–,–,–,–,–,–,–,–,–,–,–,–,–,–,–,–,–,–,HSS177.8X101.6X6.4,HSS177.8X101.6X6.4,25.7,3080,–,–,178,160,–,–,–,102,83.8,–,–,–,–,–,–,–,6.35,5.92,–,–,–,–,–,–,–,–,–,–,14.2,–,27.0,–,12.7,177,143,64.3,5.33,120,105,41.7,–,–,–,12200,–,193,–,–,–,–,–,–,–,–,–,–,–,–,–,–,–,–,–,–,–,–,–,–,–,–,–,–,–,–,–,–,–,–
HSS,HSS6X5X.250,HSS6X5X1/4,–,17.32,0.000,4.77,–,–,6.00,5.30,–,–,–,5.00,4.30,–,–,–,–,–,–,–,0.250,0.233,–,–,–,–,–,–,–,–,–,–,18.5,–,22.8,–,24.7,9.87,8.25,2.28,18.7,8.72,7.47,1.98,–,–,–,34.2,–,12.8,–,–,–,–,–,–,–,–,–,–,–,–,–,–,–,–,–,–,–,–,–,–,–,–,–,–,–,–,–,–,–,–,HSS152.4X127X6.4,HSS152.4X127X6.4,25.7,3080,–,–,152,135,–,–,–,127,109,–,–,–,–,–,–,–,6.35,5.92,–,–,–,–,–,–,–,–,–,–,18.5,–,22.8,–,10.3,162,135,57.9,7.78,143,122,50.3,–,–,–,14200,–,210,–,–,–,–,–,–,–,–,–,–,–,–,–,–,–,–,–,–,–,–,–,–,–,–,–,–,–,–,–,–,–,–
HSS,HSS12X3X.188,HSS12X3X3/16,–,18.35,0.310,5.02,–,–,12.0,11.5,–,–,–,3.00,2.48,–,–,–,–,–,–,–,0.1875,0.174,–,–,–,–,–,–,–,–,–,–,14.2,–,66.0,–,79.6,17.5,13.3,3.98,8.72,6.40,5.81,1.32,–,–,–,26.8,–,11.6,–,–,–,–,–,–,–,–,–,–,–,–,–,–,–,–,–,–,–,–,–,–,–,–,–,–,–,–,–,–,–,–,HSS304.8X76.2X4.8,HSS304.8X76.2X4.8,27.4,3240,–,–,305,292,–,–,–,76.2,63.0,–,–,–,–,–,–,–,4.76,4.42,–,–,–,–,–,–,–,–,–,–,14.2,–,66.0,–,33.1,287,218,101,3.63,105,95.2,33.5,–,–,–,11200,–,190,–,–,–,–,–,–,–,–,–,–,–,–,–,–,–,–,–,–,–,–,–,–,–,–,–,–,–,–,–,–,–,–
HSS,HSS10X2X.250,HSS10X2X1/4,–,19.02,0.030,5.24,–,–,10.0,9.30,–,–,–,2.00,1.30,–,–,–,–,–,–,–,0.250,0.233,–,–,–,–,–,–,–,–,–,–,5.58,–,39.9,–,52.5,14.4,10.5,3.17,3.67,4.26,3.67,0.838,–,–,–,12.2,–,7.99,–,–,–,–,–,–,–,–,–,–,–,–,–,–,–,–,–,–,–,–,–,–,–,–,–,–,–,–,–,–,–,–,HSS254X50.8X6.4,HSS254X50.8X6.4,28.3,3380,–,–,254,236,–,–,–,50.8,33.0,–,–,–,–,–,–,–,6.35,5.92,–,–,–,–,–,–,–,–,–,–,5.58,–,39.9,–,21.9,236,172,80.5,1.53,69.8,60.1,21.3,–,–,–,5080,–,131,–,–,–,–,–,–,–,–,–,–,–,–,–,–,–,–,–,–,–,–,–,–,–,–,–,–,–,–,–,–,–,–
HSS,HSS9X3X.250,HSS9X3X1/4,–,19.02,0.000,5.24,–,–,9.00,8.30,–,–,–,3.00,2.30,–,–,–,–,–,–,–,0.250,0.233,–,–,–,–,–,–,–,–,–,–,9.88,–,35.6,–,48.2,14.0,10.7,3.04,8.38,6.35,5.59,1.27,–,–,–,24.2,–,11.3,–,–,–,–,–,–,–,–,–,–,–,–,–,–,–,–,–,–,–,–,–,–,–,–,–,–,–,–,–,–,–,–,HSS228.6X76.2X6.4,HSS228.6X76.2X6.4,28.3,3380,–,–,229,211,–,–,–,76.2,58.4,–,–,–,–,–,–,–,6.35,5.92,–,–,–,–,–,–,–,–,–,–,9.88,–,35.6,–,20.1,229,175,77.2,3.49,104,91.6,32.3,–,–,–,10100,–,185,–,–,–,–,–,–,–,–,–,–,–,–,–,–,–,–,–,–,–,–,–,–,–,–,–,–,–,–,–,–,–,–
HSS,HSS8X4X.250,HSS8X4X1/4,–,19.02,0.000,5.24,–,–,8.00,7.30,–,–,–,4.00,3.30,–,–,–,–,–,–,–,0.250,0.233,–,–,–,–,–,–,–,–,–,–,14.2,–,31.3,–,42.5,13.3,10.6,2.85,14.4,8.20,7.21,1.66,–,–,–,35.3,–,13.6,–,–,–,–,–,–,–,–,–,–,–,–,–,–,–,–,–,–,–,–,–,–,–,–,–,–,–,–,–,–,–,–,HSS203.2X101.6X6.4,HSS203.2X101.6X6.4,28.3,3380,–,–,203,185,–,–,–,102,83.8,–,–,–,–,–,–,–,6.35,5.92,–,–,–,–,–,–,–,–,–,–,14.2,–,31.3,–,17.7,218,174,72.4,5.99,134,118,42.2,–,–,–,14700,–,223,–,–,–,–,–,–,–,–,–,–,–,–,–,–,–,–,–,–,–,–,–,–,–,–,–,–,–,–,–,–,–,–
HSS,HSS7X5X.250,HSS7X5X1/4,–,19.02,0.000,5.24,–,–,7.00,6.30,–,–,–,5.00,4.30,–,–,–,–,–,–,–,0.250,0.233,–,–,–,–,–,–,–,–,–,–,18.5,–,27.0,–,35.9,12.4,10.2,2.62,21.3,9.83,8.53,2.02,–,–,–,42.9,–,15.0,–,–,–,–,–,–,–,–,–,–,–,–,–,–,–,–,–,–,–,–,–,–,–,–,–,–,–,–,–,–,–,–,HSS177.8X127X6.4,HSS177.8X127X6.4,28.3,3380,–,–,178,160,–,–,–,127,109,–,–,–,–,–,–,–,6.35,5.92,–,–,–,–,–,–,–,–,–,–,18.5,–,27.0,–,14.9,203,167,66.5,8.87,161,140,51.3,–,–,–,17900,–,246,–,–,–,–,–,–,–,–,–,–,–,–,–,–,–,–,–,–,–,–,–,–,–,–,–,–,–,–,–,–,–,–
HSS,HSS8X2X.313,HSS8X2X5/16,–,19.08,0.060,5.26,–,–,8.00,7.13,–,–,–,2.00,1.13,–,–,–,–,–,–,–,0.3125,0.291,–,–,–,–,–,–,–,–,–,–,3.87,–,24.5,–,33.7,11.6,8.43,2.53,3.38,4.06,3.38,0.802,–,–,–,10.9,–,7.57,–,–,–,–,–,–,–,–,–,–,–,–,–,–,–,–,–,–,–,–,–,–,–,–,–,–,–,–,–,–,–,–,HSS203.2X50.8X7.9,HSS203.2X50.8X7.9,28.4,3390,–,–,203,181,–,–,–,50.8,28.7,–,–,–,–,–,–,–,7.94,7.39,–,–,–,–,–,–,–,–,–,–,3.87,–,24.5,–,14.0,190,138,64.3,1.41,66.5,55.4,20.4,–,–,–,4540,–,124,–,–,–,–,–,–,–,–,–,–,–,–,–,–,–,–,–,–,–,–,–,–,–,–,–,–,–,–,–,–,–,–
HSS,HSS7X3X.313,HSS7X3X5/16,–,19.08,0.000,5.26,–,–,7.00,6.13,–,–,–,3.00,2.13,–,–,–,–,–,–,–,0.3125,0.291,–,–,–,–,–,–,–,–,–,–,7.31,–,21.1,–,29.9,11.1,8.54,2.38,7.74,6.05,5.16,1.21,–,–,–,20.9,–,10.5,–,–,–,–,–,–,–,–,–,–,–,–,–,–,–,–,–,–,–,–,–,–,–,–,–,–,–,–,–,–,–,–,HSS177.8X76.2X7.9,HSS177.8X76.2X7.9,28.4,3390,–,–,178,156,–,–,–,76.2,54.1,–,–,–,–,–,–,–,7.94,7.39,–,–,–,–,–,–,–,–,–,–,7.31,–,21.1,–,12.4,182,140,60.5,3.22,99.1,84.6,30.7,–,–,–,8700,–,172,–,–,–,–,–,–,–,–,–,–,–,–,–,–,–,–,–,–,–,–,–,–,–,–,–,–,–,–,–,–,–,–
HSS,HSS6X4X.313,HSS6X4X5/16,–,19.08,0.000,5.26,–,–,6.00,5.13,–,–,–,4.00,3.13,–,–,–,–,–,–,–,0.3125,0.291,–,–,–,–,–,–,–,–,–,–,10.7,–,17.6,–,24.8,10.3,8.27,2.17,13.2,7.75,6.58,1.58,–,–,–,28.4,–,12.2,–,–,–,–,–,–,–,–,–,–,–,–,–,–,–,–,–,–,–,–,–,–,–,–,–,–,–,–,–,–,–,–,HSS152.4X101.6X7.9,HSS152.4X101.6X7.9,28.4,3390,–,–,152,130,–,–,–,102,79.5,–,–,–,–,–,–,–,7.94,7.39,–,–,–,–,–,–,–,–,–,–,10.7,–,17.6,–,10.3,169,136,55.1,5.49,127,108,40.1,–,–,–,11800,–,200,–,–,–,–,–,–,–,–,–,–,–,–,–,–,–,–,–,–,–,–,–,–,–,–,–,–,–,–,–,–,–,–
HSS,HSS12X4X.188,HSS12X4X3/16,–,19.63,0.250,5.37,–,–,12.0,11.5,–,–,–,4.00,3.48,–,–,–,–,–,–,–,0.1875,0.174,–,–,–,–,–,–,–,–,–,–,20.0,–,66.0,–,91.8,19.6,15.3,4.13,16.4,9.00,8.20,1.75,–,–,–,46.1,–,15.7,–,–,–,–,–,–,–,–,–,–,–,–,–,–,–,–,–,–,–,–,–,–,–,–,–,–,–,–,–,–,–,–,HSS304.8X101.6X4.8,HSS304.8X101.6X4.8,29.3,3460,–,–,305,292,–,–,–,102,88.4,–,–,–,–,–,–,–,4.76,4.42,–,–,–,–,–,–,–,–,–,–,20.0,–,66.0,–,38.2,321,251,105,6.83,147,134,44.5,–,–,–,19200,–,257,–,–,–,–,–,–,–,–,–,–,–,–,–,–,–,–,–,–,–,–,–,–,–,–,–,–,–,–,–,–,–,–
HSS,HSS10X6X.188,HSS10X6X3/16,–,19.63,0.000,5.37,–,–,10.0,9.48,–,–,–,6.00,5.48,–,–,–,–,–,–,–,0.1875,0.174,–,–,–,–,–,–,–,–,–,–,31.5,–,54.5,–,74.6,18.0,14.9,3.73,34.1,12.7,11.4,2.52,–,–,–,73.8,–,19.9,–,–,–,–,–,–,–,–,–,–,–,–,–,–,–,–,–,–,–,–,–,–,–,–,–,–,–,–,–,–,–,–,HSS254X152.4X4.8,HSS254X152.4X4.8,29.3,3460,–,–,254,241,–,–,–,152,139,–,–,–,–,–,–,–,4.76,4.42,–,–,–,–,–,–,–,–,–,–,31.5,–,54.5,–,31.1,295,244,94.7,14.2,208,187,64.0,–,–,–,30700,–,326,–,–,–,–,–,–,–,–,–,–,–,–,–,–,–,–,–,–,–,–,–,–,–,–,–,–,–,–,–,–,–,–
HSS,HSS9X7X.188,HSS9X7X3/16,–,19.63,0.000,5.37,–,–,9.00,8.48,–,–,–,7.00,6.48,–,–,–,–,–,–,–,0.1875,0.174,–,–,–,–,–,–,–,–,–,–,37.2,–,48.7,–,64.7,16.9,14.4,3.47,44.1,14.3,12.6,2.87,–,–,–,81.7,–,20.9,–,–,–,–,–,–,–,–,–,–,–,–,–,–,–,–,–,–,–,–,–,–,–,–,–,–,–,–,–,–,–,–,HSS228.6X177.8X4.8,HSS228.6X177.8X4.8,29.3,3460,–,–,229,215,–,–,–,178,165,–,–,–,–,–,–,–,4.76,4.42,–,–,–,–,–,–,–,–,–,–,37.2,–,48.7,–,26.9,277,236,88.1,18.4,234,206,72.9,–,–,–,34000,–,342,–,–,–,–,–,–,–,–,–,–,–,–,–,–,–,–,–,–,–,–,–,–,–,–,–,–,–,–,–,–,–,–
HSS,HSS6X3X.375,HSS6X3X3/8,–,19.82,0.100,5.48,–,–,6.00,4.95,–,–,–,3.00,1.95,–,–,–,–,–,–,–,0.375,0.349,–,–,–,–,–,–,–,–,–,–,5.60,–,14.2,–,22.7,9.90,7.57,2.04,7.48,6.03,4.99,1.17,–,–,–,19.3,–,10.3,–,–,–,–,–,–,–,–,–,–,–,–,–,–,–,–,–,–,–,–,–,–,–,–,–,–,–,–,–,–,–,–,HSS152.4X76.2X9.5,HSS152.4X76.2X9.5,29.4,3540,–,–,152,126,–,–,–,76.2,49.5,–,–,–,–,–,–,–,9.53,8.86,–,–,–,–,–,–,–,–,–,–,5.60,–,14.2,–,9.45,162,124,51.8,3.11,98.8,81.8,29.7,–,–,–,8030,–,169,–,–,–,–,–,–,–,–,–,–,–,–,–,–,–,–,–,–,–,–,–,–,–,–,–,–,–,–,–,–,–,–
HSS,HSS5X4X.375,HSS5X4X3/8,–,19.82,0.000,5.48,–,–,5.00,3.95,–,–,–,4.00,2.95,–,–,–,–,–,–,–,0.375,0.349,–,–,–,–,–,–,–,–,–,–,8.46,–,11.3,–,17.9,8.96,7.17,1.81,12.6,7.67,6.30,1.52,–,–,–,24.9,–,11.7,–,–,–,–,–,–,–,–,–,–,–,–,–,–,–,–,–,–,–,–,–,–,–,–,–,–,–,–,–,–,–,–,HSS127X101.6X9.5,HSS127X101.6X9.5,29.4,3540,–,–,127,100,–,–,–,102,74.9,–,–,–,–,–,–,–,9.53,8.86,–,–,–,–,–,–,–,–,–,–,8.46,–,11.3,–,7.45,147,117,46.0,5.24,126,103,38.6,–,–,–,10400,–,192,–,–,–,–,–,–,–,–,–,–,–,–,–,–,–,–,–,–,–,–,–,–,–,–,–,–,–,–,–,–,–,–
HSS,HSS10X3X.250,HSS10X3X1/4,–,20.72,0.170,5.70,–,–,10.0,9.30,–,–,–,3.00,2.30,–,–,–,–,–,–,–,0.250,0.233,–,–,–,–,–,–,–,–,–,–,9.88,–,39.9,–,63.6,16.7,12.7,3.34,9.28,6.99,6.19,1.28,–,–,–,27.6,–,12.5,–,–,–,–,–,–,–,–,–,–,–,–,–,–,–,–,–,–,–,–,–,–,–,–,–,–,–,–,–,–,–,–,HSS254X76.2X6.4,HSS254X76.2X6.4,30.8,3680,–,–,254,236,–,–,–,76.2,58.4,–,–,–,–,–,–,–,6.35,5.92,–,–,–,–,–,–,–,–,–,–,9.88,–,39.9,–,26.5,274,208,84.8,3.86,115,101,32.5,–,–,–,11500,–,205,–,–,–,–,–,–,–,–,–,–,–,–,–,–,–,–,–,–,–,–,–,–,–,–,–,–,–,–,–,–,–,–
HSS,HSS8X3X.313,HSS8X3X5/16,–,21.21,0.040,5.85,–,–,8.00,7.13,–,–,–,3.00,2.13,–,–,–,–,–,–,–,0.3125,0.291,–,–,–,–,–,–,–,–,–,–,7.31,–,24.5,–,42.4,13.9,10.6,2.69,8.81,6.84,5.87,1.23,–,–,–,24.9,–,12.1,–,–,–,–,–,–,–,–,–,–,–,–,–,–,–,–,–,–,–,–,–,–,–,–,–,–,–,–,–,–,–,–,HSS203.2X76.2X7.9,HSS203.2X76.2X7.9,31.5,3770,–,–,203,181,–,–,–,76.2,54.1,–,–,–,–,–,–,–,7.94,7.39,–,–,–,–,–,–,–,–,–,–,7.31,–,24.5,–,17.6,228,174,68.3,3.67,112,96.2,31.2,–,–,–,10400,–,198,–,–,–,–,–,–,–,–,–,–,–,–,–,–,–,–,–,–,–,–,–,–,–,–,–,–,–,–,–,–,–,–
HSS,HSS7X4X.313,HSS7X4X5/16,–,21.21,0.000,5.85,–,–,7.00,6.13,–,–,–,4.00,3.13,–,–,–,–,–,–,–,0.3125,0.291,–,–,–,–,–,–,–,–,–,–,10.7,–,21.1,–,36.5,13.1,10.4,2.50,15.2,8.83,7.58,1.61,–,–,–,35.4,–,14.4,–,–,–,–,–,–,–,–,–,–,–,–,–,–,–,–,–,–,–,–,–,–,–,–,–,–,–,–,–,–,–,–,HSS177.8X101.6X7.9,HSS177.8X101.6X7.9,31.5,3770,–,–,178,156,–,–,–,102,79.5,–,–,–,–,–,–,–,7.94,7.39,–,–,–,–,–,–,–,–,–,–,10.7,–,21.1,–,15.2,215,170,63.5,6.33,145,124,40.9,–,–,–,14700,–,236,–,–,–,–,–,–,–,–,–,–,–,–,–,–,–,–,–,–,–,–,–,–,–,–,–,–,–,–,–,–,–,–
HSS,HSS6X5X.313,HSS6X5X5/16,–,21.21,0.000,5.85,–,–,6.00,5.13,–,–,–,5.00,4.13,–,–,–,–,–,–,–,0.3125,0.291,–,–,–,–,–,–,–,–,–,–,14.2,–,17.6,–,29.6,11.9,9.85,2.25,22.3,10.5,8.91,1.95,–,–,–,41.4,–,15.6,–,–,–,–,–,–,–,–,–,–,–,–,–,–,–,–,–,–,–,–,–,–,–,–,–,–,–,–,–,–,–,–,HSS152.4X127X7.9,HSS152.4X127X7.9,31.5,3770,–,–,152,130,–,–,–,127,105,–,–,–,–,–,–,–,7.94,7.39,–,–,–,–,–,–,–,–,–,–,14.2,–,17.6,–,12.3,195,161,57.2,9.28,172,146,49.5,–,–,–,17200,–,256,–,–,–,–,–,–,–,–,–,–,–,–,–,–,–,–,–,–,–,–,–,–,–,–,–,–,–,–,–,–,–,–
HSS,HSS10X3-1/2X.250,HSS10X3-1/2X1/4,–,21.57,0.360,5.93,–,–,10.0,9.30,–,–,–,3.50,2.80,–,–,–,–,–,–,–,0.250,0.233,–,–,–,–,–,–,–,–,–,–,12.0,–,39.9,–,69.1,17.9,13.8,3.41,13.1,8.45,7.51,1.49,–,–,–,37.0,–,14.8,–,–,–,–,–,–,–,–,–,–,–,–,–,–,–,–,–,–,–,–,–,–,–,–,–,–,–,–,–,–,–,–,HSS254X88.9X6.4,HSS254X88.9X6.4,32.0,3830,–,–,254,236,–,–,–,88.9,71.1,–,–,–,–,–,–,–,6.35,5.92,–,–,–,–,–,–,–,–,–,–,12.0,–,39.9,–,28.8,293,226,86.6,5.45,138,123,37.8,–,–,–,15400,–,243,–,–,–,–,–,–,–,–,–,–,–,–,–,–,–,–,–,–,–,–,–,–,–,–,–,–,–,–,–,–,–,–
HSS,HSS5X3X.500,HSS5X3X1/2,–,21.63,0.060,6.02,–,–,5.00,3.60,–,–,–,3.00,1.60,–,–,–,–,–,–,–,0.500,0.465,–,–,–,–,–,–,–,–,–,–,3.45,–,7.75,–,16.4,8.83,6.57,1.65,7.18,6.10,4.78,1.09,–,–,–,17.6,–,10.3,–,–,–,–,–,–,–,–,–,–,–,–,–,–,–,–,–,–,–,–,–,–,–,–,–,–,–,–,–,–,–,–,HSS127X76.2X12.7,HSS127X76.2X12.7,32.0,3880,–,–,127,91.4,–,–,–,76.2,40.6,–,–,–,–,–,–,–,12.7,11.8,–,–,–,–,–,–,–,–,–,–,3.45,–,7.75,–,6.83,145,108,41.9,2.99,100,78.3,27.7,–,–,–,7330,–,169,–,–,–,–,–,–,–,–,–,–,–,–,–,–,–,–,–,–,–,–,–,–,–,–,–,–,–,–,–,–,–,–
HSS,HSS14X4X.188,HSS14X4X3/16,–,22.18,0.290,6.06,–,–,14.0,13.5,–,–,–,4.00,3.48,–,–,–,–,–,–,–,0.1875,0.174,–,–,–,–,–,–,–,–,–,–,20.0,–,77.5,–,137,25.3,19.5,4.74,19.0,10.3,9.48,1.77,–,–,–,55.8,–,18.4,–,–,–,–,–,–,–,–,–,–,–,–,–,–,–,–,–,–,–,–,–,–,–,–,–,–,–,–,–,–,–,–,HSS355.6X101.6X4.8,HSS355.6X101.6X4.8,32.9,3910,–,–,356,343,–,–,–,102,88.4,–,–,–,–,–,–,–,4.76,4.42,–,–,–,–,–,–,–,–,–,–,20.0,–,77.5,–,57.0,415,320,120,7.91,169,155,45.0,–,–,–,23200,–,302,–,–,–,–,–,–,–,–,–,–,–,–,–,–,–,–,–,–,–,–,–,–,–,–,–,–,–,–,–,–,–,–
HSS,HSS12X6X.188,HSS12X6X3/16,–,22.18,0.000,6.06,–,–,12.0,11.5,–,–,–,6.00,5.48,–,–,–,–,–,–,–,0.1875,0.174,–,–,–,–,–,–,–,–,–,–,31.5,–,66.0,–,116,23.7,19.4,4.38,40.0,14.7,13.3,2.57,–,–,–,94.6,–,24.0,–,–,–,–,–,–,–,–,–,–,–,–,–,–,–,–,–,–,–,–,–,–,–,–,–,–,–,–,–,–,–,–,HSS304.8X152.4X4.8,HSS304.8X152.4X4.8,33.1,3910,–,–,305,292,–,–,–,152,139,–,–,–,–,–,–,–,4.76,4.42,–,–,–,–,–,–,–,–,–,–,31.5,–,66.0,–,48.3,388,318,111,16.6,241,218,65.3,–,–,–,39400,–,393,–,–,–,–,–,–,–,–,–,–,–,–,–,–,–,–,–,–,–,–,–,–,–,–,–,–,–,–,–,–,–,–
HSS,HSS10X8X.188,HSS10X8X3/16,–,22.18,0.000,6.06,–,–,10.0,9.48,–,–,–,8.00,7.48,–,–,–,–,–,–,–,0.1875,0.174,–,–,–,–,–,–,–,–,–,–,43.0,–,54.5,–,91.4,21.4,18.3,3.88,65.1,18.4,16.3,3.28,–,–,–,118,–,26.7,–,–,–,–,–,–,–,–,–,–,–,–,–,–,–,–,–,–,–,–,–,–,–,–,–,–,–,–,–,–,–,–,HSS254X203.2X4.8,HSS254X203.2X4.8,33.1,3910,–,–,254,241,–,–,–,203,190,–,–,–,–,–,–,–,4.76,4.42,–,–,–,–,–,–,–,–,–,–,43.0,–,54.5,–,38.0,351,300,98.6,27.1,302,267,83.3,–,–,–,49100,–,438,–,–,–,–,–,–,–,–,–,–,–,–,–,–,–,–,–,–,–,–,–,–,–,–,–,–,–,–,–,–,–,–
HSS,HSS8X2X.375,HSS8X2X3/8,–,22.37,0.060,6.18,–,–,8.00,6.95,–,–,–,2.00,0.953,–,–,–,–,–,–,–,0.375,0.349,–,–,–,–,–,–,–,–,–,–,2.73,–,19.9,–,38.2,13.4,9.56,2.49,3.73,4.61,3.73,0.777,–,–,–,12.1,–,8.65,–,–,–,–,–,–,–,–,–,–,–,–,–,–,–,–,–,–,–,–,–,–,–,–,–,–,–,–,–,–,–,–,HSS203.2X50.8X9.5,HSS203.2X50.8X9.5,33.2,3990,–,–,203,177,–,–,–,50.8,24.2,–,–,–,–,–,–,–,9.53,8.86,–,–,–,–,–,–,–,–,–,–,2.73,–,19.9,–,15.9,220,157,63.2,1.55,75.5,61.1,19.7,–,–,–,5040,–,142,–,–,–,–,–,–,–,–,–,–,–,–,–,–,–,–,–,–,–,–,–,–,–,–,–,–,–,–,–,–,–,–
HSS,HSS7X3X.375,HSS7X3X3/8,–,22.37,0.000,6.18,–,–,7.00,5.95,–,–,–,3.00,1.95,–,–,–,–,–,–,–,0.375,0.349,–,–,–,–,–,–,–,–,–,–,5.60,–,17.1,–,34.1,12.8,9.73,2.35,8.71,6.95,5.81,1.19,–,–,–,23.9,–,12.1,–,–,–,–,–,–,–,–,–,–,–,–,–,–,–,–,–,–,–,–,–,–,–,–,–,–,–,–,–,–,–,–,HSS177.8X76.2X9.5,HSS177.8X76.2X9.5,33.2,3990,–,–,178,151,–,–,–,76.2,49.5,–,–,–,–,–,–,–,9.53,8.86,–,–,–,–,–,–,–,–,–,–,5.60,–,17.1,–,14.2,210,159,59.7,3.63,114,95.2,30.2,–,–,–,9950,–,198,–,–,–,–,–,–,–,–,–,–,–,–,–,–,–,–,–,–,–,–,–,–,–,–,–,–,–,–,–,–,–,–
HSS,HSS6X4X.375,HSS6X4X3/8,–,22.37,0.000,6.18,–,–,6.00,4.95,–,–,–,4.00,2.95,–,–,–,–,–,–,–,0.375,0.349,–,–,–,–,–,–,–,–,–,–,8.46,–,14.2,–,28.3,11.9,9.43,2.14,14.9,8.94,7.47,1.55,–,–,–,32.8,–,14.2,–,–,–,–,–,–,–,–,–,–,–,–,–,–,–,–,–,–,–,–,–,–,–,–,–,–,–,–,–,–,–,–,HSS152.4X101.6X9.5,HSS152.4X101.6X9.5,33.2,3990,–,–,152,126,–,–,–,102,74.9,–,–,–,–,–,–,–,9.53,8.86,–,–,–,–,–,–,–,–,–,–,8.46,–,14.2,–,11.8,195,155,54.4,6.20,147,122,39.4,–,–,–,13700,–,233,–,–,–,–,–,–,–,–,–,–,–,–,–,–,–,–,–,–,–,–,–,–,–,–,–,–,–,–,–,–,–,–
HSS,HSS12X2X.250,HSS12X2X1/4,–,22.42,0.040,6.17,–,–,12.0,11.3,–,–,–,2.00,1.30,–,–,–,–,–,–,–,0.250,0.233,–,–,–,–,–,–,–,–,–,–,5.58,–,48.5,–,86.9,20.1,14.5,3.75,4.41,5.08,4.41,0.845,–,–,–,15.1,–,9.64,–,–,–,–,–,–,–,–,–,–,–,–,–,–,–,–,–,–,–,–,–,–,–,–,–,–,–,–,–,–,–,–,HSS304.8X50.8X6.4,HSS304.8X50.8X6.4,33.3,3980,–,–,305,287,–,–,–,50.8,33.0,–,–,–,–,–,–,–,6.35,5.92,–,–,–,–,–,–,–,–,–,–,5.58,–,48.5,–,36.2,329,238,95.3,1.84,83.2,72.3,21.5,–,–,–,6290,–,158,–,–,–,–,–,–,–,–,–,–,–,–,–,–,–,–,–,–,–,–,–,–,–,–,–,–,–,–,–,–,–,–
HSS,HSS10X4X.250,HSS10X4X1/4,–,22.42,0.000,6.17,–,–,10.0,9.30,–,–,–,4.00,3.30,–,–,–,–,–,–,–,0.250,0.233,–,–,–,–,–,–,–,–,–,–,14.2,–,39.9,–,74.7,19.0,14.9,3.48,17.7,10.0,8.87,1.70,–,–,–,47.4,–,17.1,–,–,–,–,–,–,–,–,–,–,–,–,–,–,–,–,–,–,–,–,–,–,–,–,–,–,–,–,–,–,–,–,HSS254X101.6X6.4,HSS254X101.6X6.4,33.3,3980,–,–,254,236,–,–,–,102,83.8,–,–,–,–,–,–,–,6.35,5.92,–,–,–,–,–,–,–,–,–,–,14.2,–,39.9,–,31.1,311,244,88.4,7.37,164,145,43.2,–,–,–,19700,–,280,–,–,–,–,–,–,–,–,–,–,–,–,–,–,–,–,–,–,–,–,–,–,–,–,–,–,–,–,–,–,–,–
HSS,HSS9X5X.250,HSS9X5X1/4,–,22.42,0.000,6.17,–,–,9.00,8.30,–,–,–,5.00,4.30,–,–,–,–,–,–,–,0.250,0.233,–,–,–,–,–,–,–,–,–,–,18.5,–,35.6,–,66.1,18.1,14.7,3.27,26.6,12.0,10.6,2.08,–,–,–,61.2,–,19.4,–,–,–,–,–,–,–,–,–,–,–,–,–,–,–,–,–,–,–,–,–,–,–,–,–,–,–,–,–,–,–,–,HSS228.6X127X6.4,HSS228.6X127X6.4,33.3,3980,–,–,229,211,–,–,–,127,109,–,–,–,–,–,–,–,6.35,5.92,–,–,–,–,–,–,–,–,–,–,18.5,–,35.6,–,27.5,297,241,83.1,11.1,197,174,52.8,–,–,–,25500,–,318,–,–,–,–,–,–,–,–,–,–,–,–,–,–,–,–,–,–,–,–,–,–,–,–,–,–,–,–,–,–,–,–
HSS,HSS8X6X.250,HSS8X6X1/4,–,22.42,0.000,6.17,–,–,8.00,7.30,–,–,–,6.00,5.30,–,–,–,–,–,–,–,0.250,0.233,–,–,–,–,–,–,–,–,–,–,22.8,–,31.3,–,56.6,16.9,14.2,3.03,36.4,13.9,12.1,2.43,–,–,–,70.3,–,20.8,–,–,–,–,–,–,–,–,–,–,–,–,–,–,–,–,–,–,–,–,–,–,–,–,–,–,–,–,–,–,–,–,HSS203.2X152.4X6.4,HSS203.2X152.4X6.4,33.3,3980,–,–,203,185,–,–,–,152,135,–,–,–,–,–,–,–,6.35,5.92,–,–,–,–,–,–,–,–,–,–,22.8,–,31.3,–,23.6,277,233,77.0,15.2,228,198,61.7,–,–,–,29300,–,341,–,–,–,–,–,–,–,–,–,–,–,–,–,–,–,–,–,–,–,–,–,–,–,–,–,–,–,–,–,–,–,–
HSS,HSS10X2X.313,HSS10X2X5/16,–,23.34,0.790,6.43,–,–,10.0,9.13,–,–,–,2.00,1.13,–,–,–,–,–,–,–,0.3125,0.291,–,–,–,–,–,–,–,–,–,–,3.87,–,31.4,–,62.6,17.5,12.5,3.12,4.24,5.06,4.24,0.812,–,–,–,14.2,–,9.56,–,–,–,–,–,–,–,–,–,–,–,–,–,–,–,–,–,–,–,–,–,–,–,–,–,–,–,–,–,–,–,–,HSS254X50.8X7.9,HSS254X50.8X7.9,34.7,4150,–,–,254,232,–,–,–,50.8,28.7,–,–,–,–,–,–,–,7.94,7.39,–,–,–,–,–,–,–,–,–,–,3.87,–,31.4,–,26.1,287,205,79.2,1.76,82.9,69.5,20.6,–,–,–,5910,–,157,–,–,–,–,–,–,–,–,–,–,–,–,–,–,–,–,–,–,–,–,–,–,–,–,–,–,–,–,–,–,–,–
HSS,HSS9X3X.313,HSS9X3X5/16,–,23.34,0.000,6.43,–,–,9.00,8.13,–,–,–,3.00,2.13,–,–,–,–,–,–,–,0.3125,0.291,–,–,–,–,–,–,–,–,–,–,7.31,–,27.9,–,57.7,16.9,12.8,3.00,9.88,7.63,6.59,1.24,–,–,–,28.9,–,13.6,–,–,–,–,–,–,–,–,–,–,–,–,–,–,–,–,–,–,–,–,–,–,–,–,–,–,–,–,–,–,–,–,HSS228.6X76.2X7.9,HSS228.6X76.2X7.9,34.7,4150,–,–,229,207,–,–,–,76.2,54.1,–,–,–,–,–,–,–,7.94,7.39,–,–,–,–,–,–,–,–,–,–,7.31,–,27.9,–,24.0,277,210,76.2,4.11,125,108,31.5,–,–,–,12000,–,223,–,–,–,–,–,–,–,–,–,–,–,–,–,–,–,–,–,–,–,–,–,–,–,–,–,–,–,–,–,–,–,–
HSS,HSS8X4X.313,HSS8X4X5/16,–,23.34,0.000,6.43,–,–,8.00,7.13,–,–,–,4.00,3.13,–,–,–,–,–,–,–,0.3125,0.291,–,–,–,–,–,–,–,–,–,–,10.7,–,24.5,–,51.0,16.1,12.8,2.82,17.2,9.91,8.58,1.63,–,–,–,42.6,–,16.5,–,–,–,–,–,–,–,–,–,–,–,–,–,–,–,–,–,–,–,–,–,–,–,–,–,–,–,–,–,–,–,–,HSS203.2X101.6X7.9,HSS203.2X101.6X7.9,34.7,4150,–,–,203,181,–,–,–,102,79.5,–,–,–,–,–,–,–,7.94,7.39,–,–,–,–,–,–,–,–,–,–,10.7,–,24.5,–,21.2,264,210,71.6,7.16,162,141,41.4,–,–,–,17700,–,270,–,–,–,–,–,–,–,–,–,–,–,–,–,–,–,–,–,–,–,–,–,–,–,–,–,–,–,–,–,–,–,–
HSS,HSS7X5X.313,HSS7X5X5/16,–,23.34,0.000,6.43,–,–,7.00,6.13,–,–,–,5.00,4.13,–,–,–,–,–,–,–,0.3125,0.291,–,–,–,–,–,–,–,–,–,–,14.2,–,21.1,–,43.0,15.0,12.3,2.59,25.5,11.9,10.2,1.99,–,–,–,52.1,–,18.3,–,–,–,–,–,–,–,–,–,–,–,–,–,–,–,–,–,–,–,–,–,–,–,–,–,–,–,–,–,–,–,–,HSS177.8X127X7.9,HSS177.8X127X7.9,34.7,4150,–,–,178,156,–,–,–,127,105,–,–,–,–,–,–,–,7.94,7.39,–,–,–,–,–,–,–,–,–,–,14.2,–,21.1,–,17.9,246,202,65.8,10.6,195,167,50.5,–,–,–,21700,–,300,–,–,–,–,–,–,–,–,–,–,–,–,–,–,–,–,–,–,–,–,–,–,–,–,–,–,–,–,–,–,–,–
HSS,HSS12X3X.250,HSS12X3X1/4,–,24.12,0.070,6.63,–,–,12.0,11.3,–,–,–,3.00,2.30,–,–,–,–,–,–,–,0.250,0.233,–,–,–,–,–,–,–,–,–,–,9.88,–,48.5,–,103,22.9,17.2,3.94,11.1,8.28,7.38,1.29,–,–,–,34.5,–,15.1,–,–,–,–,–,–,–,–,–,–,–,–,–,–,–,–,–,–,–,–,–,–,–,–,–,–,–,–,–,–,–,–,HSS304.8X76.2X6.4,HSS304.8X76.2X6.4,35.8,4280,–,–,305,287,–,–,–,76.2,58.4,–,–,–,–,–,–,–,6.35,5.92,–,–,–,–,–,–,–,–,–,–,9.88,–,48.5,–,42.9,375,282,100,4.62,136,121,32.8,–,–,–,14400,–,247,–,–,–,–,–,–,–,–,–,–,–,–,–,–,–,–,–,–,–,–,–,–,–,–,–,–,–,–,–,–,–,–
HSS,HSS10X5X.250,HSS10X5X1/4,–,24.12,0.000,6.63,–,–,10.0,9.30,–,–,–,5.00,4.30,–,–,–,–,–,–,–,0.250,0.233,–,–,–,–,–,–,–,–,–,–,18.5,–,39.9,–,85.8,21.3,17.2,3.60,29.3,13.2,11.7,2.10,–,–,–,70.7,–,21.6,–,–,–,–,–,–,–,–,–,–,–,–,–,–,–,–,–,–,–,–,–,–,–,–,–,–,–,–,–,–,–,–,HSS254X127X6.4,HSS254X127X6.4,35.8,4280,–,–,254,236,–,–,–,127,109,–,–,–,–,–,–,–,6.35,5.92,–,–,–,–,–,–,–,–,–,–,18.5,–,39.9,–,35.7,349,282,91.4,12.2,216,192,53.3,–,–,–,29400,–,354,–,–,–,–,–,–,–,–,–,–,–,–,–,–,–,–,–,–,–,–,–,–,–,–,–,–,–,–,–,–,–,–
HSS,HSS16X4X.188,HSS16X4X3/16,–,24.73,0.610,6.76,–,–,16.0,15.5,–,–,–,4.00,3.48,–,–,–,–,–,–,–,0.1875,0.174,–,–,–,–,–,–,–,–,–,–,20.0,–,89.0,–,193,31.7,24.2,5.35,21.5,11.7,10.8,1.78,–,–,–,65.5,–,21.1,–,–,–,–,–,–,–,–,–,–,–,–,–,–,–,–,–,–,–,–,–,–,–,–,–,–,–,–,–,–,–,–,HSS406.4X101.6X4.8,HSS406.4X101.6X4.8,36.7,4360,–,–,406,394,–,–,–,102,88.4,–,–,–,–,–,–,–,4.76,4.42,–,–,–,–,–,–,–,–,–,–,20.0,–,89.0,–,80.3,519,397,136,8.95,192,177,45.2,–,–,–,27300,–,346,–,–,–,–,–,–,–,–,–,–,–,–,–,–,–,–,–,–,–,–,–,–,–,–,–,–,–,–,–,–,–,–
HSS,HSS14X6X.188,HSS14X6X3/16,–,24.73,0.000,6.76,–,–,14.0,13.5,–,–,–,6.00,5.48,–,–,–,–,–,–,–,0.1875,0.174,–,–,–,–,–,–,–,–,–,–,31.5,–,77.5,–,170,30.1,24.3,5.01,45.9,16.7,15.3,2.61,–,–,–,116,–,28.0,–,–,–,–,–,–,–,–,–,–,–,–,–,–,–,–,–,–,–,–,–,–,–,–,–,–,–,–,–,–,–,–,HSS355.6X152.4X4.8,HSS355.6X152.4X4.8,36.7,4360,–,–,356,343,–,–,–,152,139,–,–,–,–,–,–,–,4.76,4.42,–,–,–,–,–,–,–,–,–,–,31.5,–,77.5,–,70.8,493,398,127,19.1,274,251,66.3,–,–,–,48300,–,459,–,–,–,–,–,–,–,–,–,–,–,–,–,–,–,–,–,–,–,–,–,–,–,–,–,–,–,–,–,–,–,–
HSS,HSS12X8X.188,HSS12X8X3/16,–,24.73,0.000,6.76,–,–,12.0,11.5,–,–,–,8.00,7.48,–,–,–,–,–,–,–,0.1875,0.174,–,–,–,–,–,–,–,–,–,–,43.0,–,66.0,–,140,27.8,23.4,4.56,75.7,21.1,18.9,3.35,–,–,–,153,–,32.2,–,–,–,–,–,–,–,–,–,–,–,–,–,–,–,–,–,–,–,–,–,–,–,–,–,–,–,–,–,–,–,–,HSS304.8X203.2X4.8,HSS304.8X203.2X4.8,36.9,4360,–,–,305,292,–,–,–,203,190,–,–,–,–,–,–,–,4.77,4.42,–,–,–,–,–,–,–,–,–,–,43.0,–,66.0,–,58.3,456,383,116,31.5,346,310,85.1,–,–,–,63700,–,528,–,–,–,–,–,–,–,–,–,–,–,–,–,–,–,–,–,–,–,–,–,–,–,–,–,–,–,–,–,–,–,–
HSS,HSS8X3X.375,HSS8X3X3/8,–,24.93,0.200,6.88,–,–,8.00,6.95,–,–,–,3.00,1.95,–,–,–,–,–,–,–,0.375,0.349,–,–,–,–,–,–,–,–,–,–,5.60,–,19.9,–,48.5,16.1,12.1,2.65,10.0,7.88,6.63,1.20,–,–,–,28.5,–,14.0,–,–,–,–,–,–,–,–,–,–,–,–,–,–,–,–,–,–,–,–,–,–,–,–,–,–,–,–,–,–,–,–,HSS203.2X76.2X9.5,HSS203.2X76.2X9.5,37.0,4440,–,–,203,177,–,–,–,76.2,49.5,–,–,–,–,–,–,–,9.53,8.86,–,–,–,–,–,–,–,–,–,–,5.60,–,19.9,–,20.2,264,198,67.3,4.16,129,109,30.5,–,–,–,11900,–,229,–,–,–,–,–,–,–,–,–,–,–,–,–,–,–,–,–,–,–,–,–,–,–,–,–,–,–,–,–,–,–,–
HSS,HSS7X4X.375,HSS7X4X3/8,–,24.93,0.000,6.88,–,–,7.00,5.95,–,–,–,4.00,2.95,–,–,–,–,–,–,–,0.375,0.349,–,–,–,–,–,–,–,–,–,–,8.46,–,17.1,–,41.8,15.1,11.9,2.46,17.3,10.2,8.63,1.58,–,–,–,41.0,–,16.8,–,–,–,–,–,–,–,–,–,–,–,–,–,–,–,–,–,–,–,–,–,–,–,–,–,–,–,–,–,–,–,–,HSS177.8X101.6X9.5,HSS177.8X101.6X9.5,37.0,4440,–,–,178,151,–,–,–,102,74.9,–,–,–,–,–,–,–,9.53,8.86,–,–,–,–,–,–,–,–,–,–,8.46,–,17.1,–,17.4,247,195,62.5,7.20,167,141,40.1,–,–,–,17100,–,275,–,–,–,–,–,–,–,–,–,–,–,–,–,–,–,–,–,–,–,–,–,–,–,–,–,–,–,–,–,–,–,–
HSS,HSS6X5X.375,HSS6X5X3/8,–,24.93,0.000,6.88,–,–,6.00,4.95,–,–,–,5.00,3.95,–,–,–,–,–,–,–,0.375,0.349,–,–,–,–,–,–,–,–,–,–,11.3,–,14.2,–,33.9,13.8,11.3,2.22,25.5,12.2,10.2,1.92,–,–,–,48.1,–,18.2,–,–,–,–,–,–,–,–,–,–,–,–,–,–,–,–,–,–,–,–,–,–,–,–,–,–,–,–,–,–,–,–,HSS152.4X127X9.5,HSS152.4X127X9.5,37.0,4440,–,–,152,126,–,–,–,127,100,–,–,–,–,–,–,–,9.53,8.86,–,–,–,–,–,–,–,–,–,–,11.3,–,14.2,–,14.1,226,185,56.4,10.6,200,167,48.8,–,–,–,20000,–,298,–,–,–,–,–,–,–,–,–,–,–,–,–,–,–,–,–,–,–,–,–,–,–,–,–,–,–,–,–,–,–,–
HSS,HSS6X3X.500,HSS6X3X1/2,–,25.03,0.100,6.95,–,–,6.00,4.61,–,–,–,3.00,1.60,–,–,–,–,–,–,–,0.500,0.465,–,–,–,–,–,–,–,–,–,–,3.45,–,9.90,–,26.8,12.1,8.95,1.97,8.69,7.28,5.79,1.12,–,–,–,23.1,–,12.7,–,–,–,–,–,–,–,–,–,–,–,–,–,–,–,–,–,–,–,–,–,–,–,–,–,–,–,–,–,–,–,–,HSS152.4X76.2X12.7,HSS152.4X76.2X12.7,37.1,4480,–,–,152,117,–,–,–,76.2,40.6,–,–,–,–,–,–,–,12.7,11.8,–,–,–,–,–,–,–,–,–,–,3.45,–,9.90,–,11.2,198,147,50.0,3.62,119,94.9,28.4,–,–,–,9610,–,208,–,–,–,–,–,–,–,–,–,–,–,–,–,–,–,–,–,–,–,–,–,–,–,–,–,–,–,–,–,–,–,–
HSS,HSS5X4X.500,HSS5X4X1/2,–,25.03,0.000,6.95,–,–,5.00,3.60,–,–,–,4.00,2.60,–,–,–,–,–,–,–,0.500,0.465,–,–,–,–,–,–,–,–,–,–,5.60,–,7.75,–,21.2,10.9,8.49,1.75,14.9,9.35,7.43,1.46,–,–,–,30.3,–,14.5,–,–,–,–,–,–,–,–,–,–,–,–,–,–,–,–,–,–,–,–,–,–,–,–,–,–,–,–,–,–,–,–,HSS127X101.6X12.7,HSS127X101.6X12.7,37.1,4480,–,–,127,91.4,–,–,–,102,66.0,–,–,–,–,–,–,–,12.7,11.8,–,–,–,–,–,–,–,–,–,–,5.60,–,7.75,–,8.82,179,139,44.5,6.20,153,122,37.1,–,–,–,12600,–,238,–,–,–,–,–,–,–,–,–,–,–,–,–,–,–,–,–,–,–,–,–,–,–,–,–,–,–,–,–,–,–,–
HSS,HSS10X3X.313,HSS10X3X5/16,–,25.46,0.280,7.01,–,–,10.0,9.13,–,–,–,3.00,2.13,–,–,–,–,–,–,–,0.3125,0.291,–,–,–,–,–,–,–,–,–,–,7.31,–,31.4,–,76.3,20.3,15.3,3.30,11.0,8.42,7.30,1.25,–,–,–,33.0,–,15.2,–,–,–,–,–,–,–,–,–,–,–,–,–,–,–,–,–,–,–,–,–,–,–,–,–,–,–,–,–,–,–,–,HSS254X76.2X7.9,HSS254X76.2X7.9,37.9,4520,–,–,254,232,–,–,–,76.2,54.1,–,–,–,–,–,–,–,7.94,7.39,–,–,–,–,–,–,–,–,–,–,7.31,–,31.4,–,31.8,333,251,83.8,4.58,138,120,31.8,–,–,–,13700,–,249,–,–,–,–,–,–,–,–,–,–,–,–,–,–,–,–,–,–,–,–,–,–,–,–,–,–,–,–,–,–,–,–
HSS,HSS12X4X.250,HSS12X4X1/4,–,25.82,0.360,7.10,–,–,12.0,11.3,–,–,–,4.00,3.30,–,–,–,–,–,–,–,0.250,0.233,–,–,–,–,–,–,–,–,–,–,14.2,–,48.5,–,119,25.6,19.9,4.10,21.0,11.7,10.5,1.72,–,–,–,59.8,–,20.6,–,–,–,–,–,–,–,–,–,–,–,–,–,–,–,–,–,–,–,–,–,–,–,–,–,–,–,–,–,–,–,–,HSS304.8X101.6X6.4,HSS304.8X101.6X6.4,38.4,4580,–,–,305,287,–,–,–,102,83.8,–,–,–,–,–,–,–,6.35,5.92,–,–,–,–,–,–,–,–,–,–,14.2,–,48.5,–,49.5,420,326,104,8.74,192,172,43.7,–,–,–,24900,–,338,–,–,–,–,–,–,–,–,–,–,–,–,–,–,–,–,–,–,–,–,–,–,–,–,–,–,–,–,–,–,–,–
HSS,HSS10X6X.250,HSS10X6X1/4,–,25.82,0.000,7.10,–,–,10.0,9.30,–,–,–,6.00,5.30,–,–,–,–,–,–,–,0.250,0.233,–,–,–,–,–,–,–,–,–,–,22.8,–,39.9,–,96.9,23.6,19.4,3.69,44.1,16.6,14.7,2.49,–,–,–,96.7,–,26.2,–,–,–,–,–,–,–,–,–,–,–,–,–,–,–,–,–,–,–,–,–,–,–,–,–,–,–,–,–,–,–,–,HSS254X152.4X6.4,HSS254X152.4X6.4,38.4,4580,–,–,254,236,–,–,–,152,135,–,–,–,–,–,–,–,6.35,5.92,–,–,–,–,–,–,–,–,–,–,22.8,–,39.9,–,40.3,387,318,93.7,18.4,272,241,63.2,–,–,–,40200,–,429,–,–,–,–,–,–,–,–,–,–,–,–,–,–,–,–,–,–,–,–,–,–,–,–,–,–,–,–,–,–,–,–
HSS,HSS9X7X.250,HSS9X7X1/4,–,25.82,0.000,7.10,–,–,9.00,8.30,–,–,–,7.00,6.30,–,–,–,–,–,–,–,0.250,0.233,–,–,–,–,–,–,–,–,–,–,27.0,–,35.6,–,84.1,22.2,18.7,3.44,57.2,18.7,16.3,2.84,–,–,–,107,–,27.6,–,–,–,–,–,–,–,–,–,–,–,–,–,–,–,–,–,–,–,–,–,–,–,–,–,–,–,–,–,–,–,–,HSS228.6X177.8X6.4,HSS228.6X177.8X6.4,38.4,4580,–,–,229,211,–,–,–,178,160,–,–,–,–,–,–,–,6.35,5.92,–,–,–,–,–,–,–,–,–,–,27.0,–,35.6,–,35.0,364,306,87.4,23.8,306,267,72.1,–,–,–,44500,–,452,–,–,–,–,–,–,–,–,–,–,–,–,–,–,–,–,–,–,–,–,–,–,–,–,–,–,–,–,–,–,–,–
HSS,HSS10X3-1/2X.313,HSS10X3-1/2X5/16,–,26.53,0.100,7.30,–,–,10.0,9.13,–,–,–,3.50,2.63,–,–,–,–,–,–,–,0.3125,0.291,–,–,–,–,–,–,–,–,–,–,9.03,–,31.4,–,83.2,21.7,16.6,3.38,15.6,10.2,8.92,1.46,–,–,–,44.6,–,18.0,–,–,–,–,–,–,–,–,–,–,–,–,–,–,–,–,–,–,–,–,–,–,–,–,–,–,–,–,–,–,–,–,HSS254X88.9X7.9,HSS254X88.9X7.9,39.5,4710,–,–,254,232,–,–,–,88.9,66.8,–,–,–,–,–,–,–,7.94,7.39,–,–,–,–,–,–,–,–,–,–,9.03,–,31.4,–,34.6,356,272,85.9,6.49,167,146,37.1,–,–,–,18600,–,295,–,–,–,–,–,–,–,–,–,–,–,–,–,–,–,–,–,–,–,–,–,–,–,–,–,–,–,–,–,–,–,–
HSS,HSS16X6X.188,HSS16X6X3/16,–,27.29,0.230,7.46,–,–,16.0,15.5,–,–,–,6.00,5.48,–,–,–,–,–,–,–,0.1875,0.174,–,–,–,–,–,–,–,–,–,–,31.5,–,89.0,–,237,37.2,29.6,5.64,51.8,18.8,17.3,2.64,–,–,–,138,–,32.1,–,–,–,–,–,–,–,–,–,–,–,–,–,–,–,–,–,–,–,–,–,–,–,–,–,–,–,–,–,–,–,–,HSS406.4X152.4X4.8,HSS406.4X152.4X4.8,40.6,4810,–,–,406,394,–,–,–,152,139,–,–,–,–,–,–,–,4.78,4.42,–,–,–,–,–,–,–,–,–,–,31.5,–,89.0,–,98.6,610,485,143,21.6,308,283,67.1,–,–,–,57400,–,526,–,–,–,–,–,–,–,–,–,–,–,–,–,–,–,–,–,–,–,–,–,–,–,–,–,–,–,–,–,–,–,–
HSS,HSS14X8X.188,HSS14X8X3/16,–,27.29,0.000,7.46,–,–,14.0,13.5,–,–,–,8.00,7.48,–,–,–,–,–,–,–,0.1875,0.174,–,–,–,–,–,–,–,–,–,–,43.0,–,77.5,–,203,34.9,29.0,5.22,86.4,23.8,21.6,3.40,–,–,–,190,–,37.6,–,–,–,–,–,–,–,–,–,–,–,–,–,–,–,–,–,–,–,–,–,–,–,–,–,–,–,–,–,–,–,–,HSS355.6X203.2X4.8,HSS355.6X203.2X4.8,40.6,4810,–,–,356,343,–,–,–,203,190,–,–,–,–,–,–,–,4.78,4.42,–,–,–,–,–,–,–,–,–,–,43.0,–,77.5,–,84.5,572,475,133,36.0,390,354,86.4,–,–,–,79100,–,616,–,–,–,–,–,–,–,–,–,–,–,–,–,–,–,–,–,–,–,–,–,–,–,–,–,–,–,–,–,–,–,–
HSS,HSS12X10X.188,HSS12X10X3/16,–,27.29,0.000,7.46,–,–,12.0,11.5,–,–,–,10.0,9.48,–,–,–,–,–,–,–,0.1875,0.174,–,–,–,–,–,–,–,–,–,–,54.5,–,66.0,–,165,31.9,27.5,4.70,125,28.2,25.0,4.09,–,–,–,219,–,40.4,–,–,–,–,–,–,–,–,–,–,–,–,–,–,–,–,–,–,–,–,–,–,–,–,–,–,–,–,–,–,–,–,HSS304.8X254X4.8,HSS304.8X254X4.8,40.6,4810,–,–,305,292,–,–,–,254,241,–,–,–,–,–,–,–,4.78,4.42,–,–,–,–,–,–,–,–,–,–,54.5,–,66.0,–,68.7,523,451,119,52.0,462,410,104,–,–,–,91200,–,662,–,–,–,–,–,–,–,–,–,–,–,–,–,–,–,–,–,–,–,–,–,–,–,–,–,–,–,–,–,–,–,–
HSS,HSS10X2X.375,HSS10X2X3/8,–,27.48,0.190,7.58,–,–,10.0,8.95,–,–,–,2.00,0.953,–,–,–,–,–,–,–,0.375,0.349,–,–,–,–,–,–,–,–,–,–,2.73,–,25.7,–,71.7,20.3,14.3,3.08,4.70,5.76,4.70,0.787,–,–,–,15.9,–,11.0,–,–,–,–,–,–,–,–,–,–,–,–,–,–,–,–,–,–,–,–,–,–,–,–,–,–,–,–,–,–,–,–,HSS254X50.8X9.5,HSS254X50.8X9.5,40.8,4890,–,–,254,227,–,–,–,50.8,24.2,–,–,–,–,–,–,–,9.53,8.86,–,–,–,–,–,–,–,–,–,–,2.73,–,25.7,–,29.8,333,234,78.2,1.96,94.4,77.0,20.0,–,–,–,6620,–,180,–,–,–,–,–,–,–,–,–,–,–,–,–,–,–,–,–,–,–,–,–,–,–,–,–,–,–,–,–,–,–,–
HSS,HSS9X3X.375,HSS9X3X3/8,–,27.48,0.000,7.58,–,–,9.00,7.95,–,–,–,3.00,1.95,–,–,–,–,–,–,–,0.375,0.349,–,–,–,–,–,–,–,–,–,–,5.60,–,22.8,–,66.3,19.7,14.7,2.96,11.2,8.80,7.45,1.21,–,–,–,33.1,–,15.8,–,–,–,–,–,–,–,–,–,–,–,–,–,–,–,–,–,–,–,–,–,–,–,–,–,–,–,–,–,–,–,–,HSS228.6X76.2X9.5,HSS228.6X76.2X9.5,40.8,4890,–,–,229,202,–,–,–,76.2,49.5,–,–,–,–,–,–,–,9.53,8.86,–,–,–,–,–,–,–,–,–,–,5.60,–,22.8,–,27.6,323,241,75.2,4.66,144,122,30.7,–,–,–,13800,–,259,–,–,–,–,–,–,–,–,–,–,–,–,–,–,–,–,–,–,–,–,–,–,–,–,–,–,–,–,–,–,–,–
HSS,HSS8X4X.375,HSS8X4X3/8,–,27.48,0.000,7.58,–,–,8.00,6.95,–,–,–,4.00,2.95,–,–,–,–,–,–,–,0.375,0.349,–,–,–,–,–,–,–,–,–,–,8.46,–,19.9,–,58.7,18.8,14.7,2.78,19.6,11.5,9.80,1.61,–,–,–,49.3,–,19.3,–,–,–,–,–,–,–,–,–,–,–,–,–,–,–,–,–,–,–,–,–,–,–,–,–,–,–,–,–,–,–,–,HSS203.2X101.6X9.5,HSS203.2X101.6X9.5,40.8,4890,–,–,203,177,–,–,–,102,74.9,–,–,–,–,–,–,–,9.53,8.86,–,–,–,–,–,–,–,–,–,–,8.46,–,19.9,–,24.4,308,241,70.6,8.16,188,161,40.9,–,–,–,20500,–,316,–,–,–,–,–,–,–,–,–,–,–,–,–,–,–,–,–,–,–,–,–,–,–,–,–,–,–,–,–,–,–,–
HSS,HSS7X5X.375,HSS7X5X3/8,–,27.48,0.000,7.58,–,–,7.00,5.95,–,–,–,5.00,3.95,–,–,–,–,–,–,–,0.375,0.349,–,–,–,–,–,–,–,–,–,–,11.3,–,17.1,–,49.5,17.5,14.1,2.56,29.3,13.8,11.7,1.97,–,–,–,60.6,–,21.4,–,–,–,–,–,–,–,–,–,–,–,–,–,–,–,–,–,–,–,–,–,–,–,–,–,–,–,–,–,–,–,–,HSS177.8X127X9.5,HSS177.8X127X9.5,40.8,4890,–,–,178,151,–,–,–,127,100,–,–,–,–,–,–,–,9.53,8.86,–,–,–,–,–,–,–,–,–,–,11.3,–,17.1,–,20.6,287,231,65.0,12.2,226,192,50.0,–,–,–,25200,–,351,–,–,–,–,–,–,–,–,–,–,–,–,–,–,–,–,–,–,–,–,–,–,–,–,–,–,–,–,–,–,–,–
HSS,HSS12X2X.313,HSS12X2X5/16,–,27.59,0.110,7.59,–,–,12.0,11.1,–,–,–,2.00,1.13,–,–,–,–,–,–,–,0.3125,0.291,–,–,–,–,–,–,–,–,–,–,3.87,–,38.2,–,104,24.5,17.4,3.71,5.10,6.05,5.10,0.820,–,–,–,17.6,–,11.6,–,–,–,–,–,–,–,–,–,–,–,–,–,–,–,–,–,–,–,–,–,–,–,–,–,–,–,–,–,–,–,–,HSS304.8X50.8X7.9,HSS304.8X50.8X7.9,41.0,4900,–,–,305,282,–,–,–,50.8,28.7,–,–,–,–,–,–,–,7.94,7.39,–,–,–,–,–,–,–,–,–,–,3.87,–,38.2,–,43.3,401,285,94.2,2.12,99.1,83.6,20.8,–,–,–,7330,–,190,–,–,–,–,–,–,–,–,–,–,–,–,–,–,–,–,–,–,–,–,–,–,–,–,–,–,–,–,–,–,–,–
HSS,HSS10X4X.313,HSS10X4X5/16,–,27.59,0.000,7.59,–,–,10.0,9.13,–,–,–,4.00,3.13,–,–,–,–,–,–,–,0.3125,0.291,–,–,–,–,–,–,–,–,–,–,10.7,–,31.4,–,90.1,23.1,18.0,3.44,21.2,12.1,10.6,1.67,–,–,–,57.3,–,20.9,–,–,–,–,–,–,–,–,–,–,–,–,–,–,–,–,–,–,–,–,–,–,–,–,–,–,–,–,–,–,–,–,HSS254X101.6X7.9,HSS254X101.6X7.9,41.0,4900,–,–,254,232,–,–,–,102,79.5,–,–,–,–,–,–,–,7.94,7.39,–,–,–,–,–,–,–,–,–,–,10.7,–,31.4,–,37.5,379,295,87.4,8.82,198,174,42.4,–,–,–,23900,–,342,–,–,–,–,–,–,–,–,–,–,–,–,–,–,–,–,–,–,–,–,–,–,–,–,–,–,–,–,–,–,–,–
HSS,HSS9X5X.313,HSS9X5X5/16,–,27.59,0.000,7.59,–,–,9.00,8.13,–,–,–,5.00,4.13,–,–,–,–,–,–,–,0.3125,0.291,–,–,–,–,–,–,–,–,–,–,14.2,–,27.9,–,79.8,22.0,17.7,3.24,32.0,14.6,12.8,2.05,–,–,–,74.4,–,23.8,–,–,–,–,–,–,–,–,–,–,–,–,–,–,–,–,–,–,–,–,–,–,–,–,–,–,–,–,–,–,–,–,HSS228.6X127X7.9,HSS228.6X127X7.9,41.0,4900,–,–,229,207,–,–,–,127,105,–,–,–,–,–,–,–,7.94,7.39,–,–,–,–,–,–,–,–,–,–,14.2,–,27.9,–,33.2,361,290,82.3,13.3,239,210,52.1,–,–,–,31000,–,390,–,–,–,–,–,–,–,–,–,–,–,–,–,–,–,–,–,–,–,–,–,–,–,–,–,–,–,–,–,–,–,–
HSS,HSS8X6X.313,HSS8X6X5/16,–,27.59,0.000,7.59,–,–,8.00,7.13,–,–,–,6.00,5.13,–,–,–,–,–,–,–,0.3125,0.291,–,–,–,–,–,–,–,–,–,–,17.6,–,24.5,–,68.3,20.6,17.1,3.00,43.8,16.9,14.6,2.40,–,–,–,85.8,–,25.5,–,–,–,–,–,–,–,–,–,–,–,–,–,–,–,–,–,–,–,–,–,–,–,–,–,–,–,–,–,–,–,–,HSS203.2X152.4X7.9,HSS203.2X152.4X7.9,41.0,4900,–,–,203,181,–,–,–,152,130,–,–,–,–,–,–,–,7.94,7.39,–,–,–,–,–,–,–,–,–,–,17.6,–,24.5,–,28.4,338,280,76.2,18.2,277,239,61.0,–,–,–,35700,–,418,–,–,–,–,–,–,–,–,–,–,–,–,–,–,–,–,–,–,–,–,–,–,–,–,–,–,–,–,–,–,–,–
HSS,HSS8X2X.500,HSS8X2X1/2,–,28.43,0.370,7.88,–,–,8.00,6.61,–,–,–,2.00,0.605,–,–,–,–,–,–,–,0.500,0.465,–,–,–,–,–,–,–,–,–,–,1.30,–,14.2,–,45.3,16.5,11.3,2.40,4.19,5.47,4.19,0.730,–,–,–,13.6,–,10.4,–,–,–,–,–,–,–,–,–,–,–,–,–,–,–,–,–,–,–,–,–,–,–,–,–,–,–,–,–,–,–,–,HSS203.2X50.8X12.7,HSS203.2X50.8X12.7,42.3,5080,–,–,203,168,–,–,–,50.8,15.4,–,–,–,–,–,–,–,12.7,11.8,–,–,–,–,–,–,–,–,–,–,1.30,–,14.2,–,18.9,270,185,61.0,1.74,89.6,68.7,18.5,–,–,–,5660,–,170,–,–,–,–,–,–,–,–,–,–,–,–,–,–,–,–,–,–,–,–,–,–,–,–,–,–,–,–,–,–,–,–
HSS,HSS7X3X.500,HSS7X3X1/2,–,28.43,0.000,7.88,–,–,7.00,5.60,–,–,–,3.00,1.60,–,–,–,–,–,–,–,0.500,0.465,–,–,–,–,–,–,–,–,–,–,3.45,–,12.1,–,40.7,15.8,11.6,2.27,10.2,8.46,6.80,1.14,–,–,–,28.6,–,15.0,–,–,–,–,–,–,–,–,–,–,–,–,–,–,–,–,–,–,–,–,–,–,–,–,–,–,–,–,–,–,–,–,HSS177.8X76.2X12.7,HSS177.8X76.2X12.7,42.1,5080,–,–,178,142,–,–,–,76.2,40.6,–,–,–,–,–,–,–,12.7,11.8,–,–,–,–,–,–,–,–,–,–,3.45,–,12.1,–,16.9,259,190,57.7,4.25,139,111,29.0,–,–,–,11900,–,246,–,–,–,–,–,–,–,–,–,–,–,–,–,–,–,–,–,–,–,–,–,–,–,–,–,–,–,–,–,–,–,–
HSS,HSS6X4X.500,HSS6X4X1/2,–,28.43,0.000,7.88,–,–,6.00,4.61,–,–,–,4.00,2.60,–,–,–,–,–,–,–,0.500,0.465,–,–,–,–,–,–,–,–,–,–,5.60,–,9.90,–,34.0,14.6,11.3,2.08,17.8,11.0,8.89,1.50,–,–,–,40.3,–,17.8,–,–,–,–,–,–,–,–,–,–,–,–,–,–,–,–,–,–,–,–,–,–,–,–,–,–,–,–,–,–,–,–,HSS152.4X101.6X12.7,HSS152.4X101.6X12.7,42.1,5080,–,–,152,117,–,–,–,102,66.0,–,–,–,–,–,–,–,12.7,11.8,–,–,–,–,–,–,–,–,–,–,5.60,–,9.90,–,14.2,239,185,52.8,7.41,180,146,38.1,–,–,–,16800,–,292,–,–,–,–,–,–,–,–,–,–,–,–,–,–,–,–,–,–,–,–,–,–,–,–,–,–,–,–,–,–,–,–
HSS,HSS14X4X.250,HSS14X4X1/4,–,29.23,0.630,8.03,–,–,14.0,13.3,–,–,–,4.00,3.30,–,–,–,–,–,–,–,0.250,0.233,–,–,–,–,–,–,–,–,–,–,14.2,–,57.1,–,178,33.2,25.4,4.71,24.4,13.5,12.2,1.74,–,–,–,72.4,–,24.1,–,–,–,–,–,–,–,–,–,–,–,–,–,–,–,–,–,–,–,–,–,–,–,–,–,–,–,–,–,–,–,–,HSS355.6X101.6X6.4,HSS355.6X101.6X6.4,43.5,5180,–,–,356,338,–,–,–,102,83.8,–,–,–,–,–,–,–,6.35,5.92,–,–,–,–,–,–,–,–,–,–,14.2,–,57.1,–,74.1,544,416,120,10.2,221,200,44.2,–,–,–,30100,–,395,–,–,–,–,–,–,–,–,–,–,–,–,–,–,–,–,–,–,–,–,–,–,–,–,–,–,–,–,–,–,–,–
HSS,HSS12X6X.250,HSS12X6X1/4,–,29.23,0.000,8.03,–,–,12.0,11.3,–,–,–,6.00,5.30,–,–,–,–,–,–,–,0.250,0.233,–,–,–,–,–,–,–,–,–,–,22.8,–,48.5,–,151,31.1,25.2,4.34,51.9,19.3,17.3,2.54,–,–,–,124,–,31.6,–,–,–,–,–,–,–,–,–,–,–,–,–,–,–,–,–,–,–,–,–,–,–,–,–,–,–,–,–,–,–,–,HSS304.8X152.4X6.4,HSS304.8X152.4X6.4,43.4,5180,–,–,305,287,–,–,–,152,135,–,–,–,–,–,–,–,6.35,5.92,–,–,–,–,–,–,–,–,–,–,22.8,–,48.5,–,62.9,510,413,110,21.6,316,283,64.5,–,–,–,51600,–,518,–,–,–,–,–,–,–,–,–,–,–,–,–,–,–,–,–,–,–,–,–,–,–,–,–,–,–,–,–,–,–,–
HSS,HSS10X8X.250,HSS10X8X1/4,–,29.23,0.000,8.03,–,–,10.0,9.30,–,–,–,8.00,7.30,–,–,–,–,–,–,–,0.250,0.233,–,–,–,–,–,–,–,–,–,–,31.3,–,39.9,–,119,28.1,23.8,3.85,84.7,24.2,21.2,3.25,–,–,–,155,–,35.3,–,–,–,–,–,–,–,–,–,–,–,–,–,–,–,–,–,–,–,–,–,–,–,–,–,–,–,–,–,–,–,–,HSS254X203.2X6.4,HSS254X203.2X6.4,43.4,5180,–,–,254,236,–,–,–,203,185,–,–,–,–,–,–,–,6.35,5.92,–,–,–,–,–,–,–,–,–,–,31.3,–,39.9,–,49.5,460,390,97.8,35.3,397,347,82.6,–,–,–,64500,–,578,–,–,–,–,–,–,–,–,–,–,–,–,–,–,–,–,–,–,–,–,–,–,–,–,–,–,–,–,–,–,–,–
HSS,HSS12X3X.313,HSS12X3X5/16,–,29.72,0.320,8.17,–,–,12.0,11.1,–,–,–,3.00,2.13,–,–,–,–,–,–,–,0.3125,0.291,–,–,–,–,–,–,–,–,–,–,7.31,–,38.2,–,124,27.9,20.7,3.90,13.1,10.0,8.73,1.27,–,–,–,41.3,–,18.4,–,–,–,–,–,–,–,–,–,–,–,–,–,–,–,–,–,–,–,–,–,–,–,–,–,–,–,–,–,–,–,–,HSS304.8X76.2X7.9,HSS304.8X76.2X7.9,44.2,5270,–,–,305,282,–,–,–,76.2,54.1,–,–,–,–,–,–,–,7.94,7.39,–,–,–,–,–,–,–,–,–,–,7.31,–,38.2,–,51.6,457,339,99.1,5.45,164,143,32.3,–,–,–,17200,–,302,–,–,–,–,–,–,–,–,–,–,–,–,–,–,–,–,–,–,–,–,–,–,–,–,–,–,–,–,–,–,–,–
HSS,HSS10X5X.313,HSS10X5X5/16,–,29.72,0.000,8.17,–,–,10.0,9.13,–,–,–,5.00,4.13,–,–,–,–,–,–,–,0.3125,0.291,–,–,–,–,–,–,–,–,–,–,14.2,–,31.4,–,104,26.0,20.8,3.56,35.2,16.0,14.1,2.07,–,–,–,86.0,–,26.5,–,–,–,–,–,–,–,–,–,–,–,–,–,–,–,–,–,–,–,–,–,–,–,–,–,–,–,–,–,–,–,–,HSS254X127X7.9,HSS254X127X7.9,44.2,5270,–,–,254,232,–,–,–,127,105,–,–,–,–,–,–,–,7.94,7.39,–,–,–,–,–,–,–,–,–,–,14.2,–,31.4,–,43.3,426,341,90.4,14.7,262,231,52.6,–,–,–,35800,–,434,–,–,–,–,–,–,–,–,–,–,–,–,–,–,–,–,–,–,–,–,–,–,–,–,–,–,–,–,–,–,–,–
HSS,HSS10X3X.375,HSS10X3X3/8,–,30.03,0.190,8.27,–,–,10.0,8.95,–,–,–,3.00,1.95,–,–,–,–,–,–,–,0.375,0.349,–,–,–,–,–,–,–,–,–,–,5.60,–,25.7,–,88.0,23.7,17.6,3.26,12.4,9.73,8.28,1.22,–,–,–,37.8,–,17.7,–,–,–,–,–,–,–,–,–,–,–,–,–,–,–,–,–,–,–,–,–,–,–,–,–,–,–,–,–,–,–,–,HSS254X76.2X9.5,HSS254X76.2X9.5,44.6,5340,–,–,254,227,–,–,–,76.2,49.5,–,–,–,–,–,–,–,9.53,8.86,–,–,–,–,–,–,–,–,–,–,5.60,–,25.7,–,36.6,388,288,82.8,5.16,159,136,31.0,–,–,–,15700,–,290,–,–,–,–,–,–,–,–,–,–,–,–,–,–,–,–,–,–,–,–,–,–,–,–,–,–,–,–,–,–,–,–
HSS,HSS10X3-1/2X.375,HSS10X3-1/2X3/8,–,31.31,0.250,8.62,–,–,10.0,8.95,–,–,–,3.50,2.45,–,–,–,–,–,–,–,0.375,0.349,–,–,–,–,–,–,–,–,–,–,7.03,–,25.7,–,96.1,25.3,19.2,3.34,17.8,11.8,10.2,1.44,–,–,–,51.5,–,21.1,–,–,–,–,–,–,–,–,–,–,–,–,–,–,–,–,–,–,–,–,–,–,–,–,–,–,–,–,–,–,–,–,HSS254X88.9X9.5,HSS254X88.9X9.5,46.5,5560,–,–,254,227,–,–,–,88.9,62.2,–,–,–,–,–,–,–,9.53,8.86,–,–,–,–,–,–,–,–,–,–,7.03,–,25.7,–,40.0,415,315,84.8,7.41,193,167,36.6,–,–,–,21400,–,346,–,–,–,–,–,–,–,–,–,–,–,–,–,–,–,–,–,–,–,–,–,–,–,–,–,–,–,–,–,–,–,–
HSS,HSS12X4X.313,HSS12X4X5/16,–,31.84,0.440,8.76,–,–,12.0,11.1,–,–,–,4.00,3.13,–,–,–,–,–,–,–,0.3125,0.291,–,–,–,–,–,–,–,–,–,–,10.7,–,38.2,–,144,31.3,24.1,4.06,25.2,14.2,12.6,1.70,–,–,–,72.4,–,25.2,–,–,–,–,–,–,–,–,–,–,–,–,–,–,–,–,–,–,–,–,–,–,–,–,–,–,–,–,–,–,–,–,HSS304.8X101.6X7.9,HSS304.8X101.6X7.9,47.4,5650,–,–,305,282,–,–,–,102,79.5,–,–,–,–,–,–,–,7.94,7.39,–,–,–,–,–,–,–,–,–,–,10.7,–,38.2,–,59.9,513,395,103,10.5,233,206,43.2,–,–,–,30100,–,413,–,–,–,–,–,–,–,–,–,–,–,–,–,–,–,–,–,–,–,–,–,–,–,–,–,–,–,–,–,–,–,–
HSS,HSS10X6X.313,HSS10X6X5/16,–,31.84,0.000,8.76,–,–,10.0,9.13,–,–,–,6.00,5.13,–,–,–,–,–,–,–,0.3125,0.291,–,–,–,–,–,–,–,–,–,–,17.6,–,31.4,–,118,28.8,23.5,3.66,53.3,20.2,17.8,2.47,–,–,–,118,–,32.2,–,–,–,–,–,–,–,–,–,–,–,–,–,–,–,–,–,–,–,–,–,–,–,–,–,–,–,–,–,–,–,–,HSS254X152.4X7.9,HSS254X152.4X7.9,47.4,5650,–,–,254,232,–,–,–,152,130,–,–,–,–,–,–,–,7.94,7.39,–,–,–,–,–,–,–,–,–,–,17.6,–,31.4,–,49.1,472,385,93.0,22.2,331,292,62.7,–,–,–,49100,–,528,–,–,–,–,–,–,–,–,–,–,–,–,–,–,–,–,–,–,–,–,–,–,–,–,–,–,–,–,–,–,–,–
HSS,HSS9X7X.313,HSS9X7X5/16,–,31.84,0.000,8.76,–,–,9.00,8.13,–,–,–,7.00,6.13,–,–,–,–,–,–,–,0.3125,0.291,–,–,–,–,–,–,–,–,–,–,21.1,–,27.9,–,102,27.1,22.6,3.41,69.2,22.8,19.8,2.81,–,–,–,131,–,33.9,–,–,–,–,–,–,–,–,–,–,–,–,–,–,–,–,–,–,–,–,–,–,–,–,–,–,–,–,–,–,–,–,HSS228.6X177.8X7.9,HSS228.6X177.8X7.9,47.4,5650,–,–,229,207,–,–,–,178,156,–,–,–,–,–,–,–,7.94,7.39,–,–,–,–,–,–,–,–,–,–,21.1,–,27.9,–,42.5,444,370,86.6,28.8,374,324,71.4,–,–,–,54500,–,556,–,–,–,–,–,–,–,–,–,–,–,–,–,–,–,–,–,–,–,–,–,–,–,–,–,–,–,–,–,–,–,–
HSS,HSS8X3X.500,HSS8X3X1/2,–,31.84,0.000,8.81,–,–,8.00,6.60,–,–,–,3.00,1.60,–,–,–,–,–,–,–,0.500,0.465,–,–,–,–,–,–,–,–,–,–,3.45,–,14.2,–,58.6,20.0,14.6,2.58,11.7,9.64,7.81,1.15,–,–,–,34.3,–,17.4,–,–,–,–,–,–,–,–,–,–,–,–,–,–,–,–,–,–,–,–,–,–,–,–,–,–,–,–,–,–,–,–,HSS203.2X76.2X12.7,HSS203.2X76.2X12.7,47.2,5680,–,–,203,168,–,–,–,76.2,40.6,–,–,–,–,–,–,–,12.7,11.8,–,–,–,–,–,–,–,–,–,–,3.45,–,14.2,–,24.4,328,239,65.5,4.87,158,128,29.2,–,–,–,14300,–,285,–,–,–,–,–,–,–,–,–,–,–,–,–,–,–,–,–,–,–,–,–,–,–,–,–,–,–,–,–,–,–,–
HSS,HSS7X4X.500,HSS7X4X1/2,–,31.84,0.000,8.81,–,–,7.00,5.60,–,–,–,4.00,2.60,–,–,–,–,–,–,–,0.500,0.465,–,–,–,–,–,–,–,–,–,–,5.60,–,12.1,–,50.7,18.8,14.5,2.40,20.7,12.6,10.4,1.53,–,–,–,50.5,–,21.1,–,–,–,–,–,–,–,–,–,–,–,–,–,–,–,–,–,–,–,–,–,–,–,–,–,–,–,–,–,–,–,–,HSS177.8X101.6X12.7,HSS177.8X101.6X12.7,47.2,5680,–,–,178,142,–,–,–,102,66.0,–,–,–,–,–,–,–,12.7,11.8,–,–,–,–,–,–,–,–,–,–,5.60,–,12.1,–,21.1,308,238,61.0,8.62,206,170,38.9,–,–,–,21000,–,346,–,–,–,–,–,–,–,–,–,–,–,–,–,–,–,–,–,–,–,–,–,–,–,–,–,–,–,–,–,–,–,–
HSS,HSS6X5X.500,HSS6X5X1/2,–,31.84,0.000,8.81,–,–,6.00,4.61,–,–,–,5.00,3.60,–,–,–,–,–,–,–,0.500,0.465,–,–,–,–,–,–,–,–,–,–,7.75,–,9.90,–,41.1,17.2,13.7,2.16,30.8,15.2,12.3,1.87,–,–,–,59.8,–,23.0,–,–,–,–,–,–,–,–,–,–,–,–,–,–,–,–,–,–,–,–,–,–,–,–,–,–,–,–,–,–,–,–,HSS152.4X127X12.7,HSS152.4X127X12.7,47.2,5680,–,–,152,117,–,–,–,127,91.4,–,–,–,–,–,–,–,12.7,11.8,–,–,–,–,–,–,–,–,–,–,7.75,–,9.90,–,17.1,282,225,54.9,12.8,249,202,47.5,–,–,–,24900,–,377,–,–,–,–,–,–,–,–,–,–,–,–,–,–,–,–,–,–,–,–,–,–,–,–,–,–,–,–,–,–,–,–
HSS,HSS10X4X.375,HSS10X4X3/8,–,32.58,0.270,8.97,–,–,10.0,8.95,–,–,–,4.00,2.95,–,–,–,–,–,–,–,0.375,0.349,–,–,–,–,–,–,–,–,–,–,8.46,–,25.7,–,104,27.0,20.8,3.41,24.3,14.0,12.1,1.64,–,–,–,66.5,–,24.4,–,–,–,–,–,–,–,–,–,–,–,–,–,–,–,–,–,–,–,–,–,–,–,–,–,–,–,–,–,–,–,–,HSS254X101.6X9.5,HSS254X101.6X9.5,48.4,5790,–,–,254,227,–,–,–,102,74.9,–,–,–,–,–,–,–,9.53,8.86,–,–,–,–,–,–,–,–,–,–,8.46,–,25.7,–,43.3,442,341,86.6,10.1,229,198,41.7,–,–,–,27700,–,400,–,–,–,–,–,–,–,–,–,–,–,–,–,–,–,–,–,–,–,–,–,–,–,–,–,–,–,–,–,–,–,–
HSS,HSS9X5X.375,HSS9X5X3/8,–,32.58,0.000,8.97,–,–,9.00,7.95,–,–,–,5.00,3.95,–,–,–,–,–,–,–,0.375,0.349,–,–,–,–,–,–,–,–,–,–,11.3,–,22.8,–,92.5,25.7,20.5,3.21,36.8,17.1,14.7,2.03,–,–,–,86.9,–,27.9,–,–,–,–,–,–,–,–,–,–,–,–,–,–,–,–,–,–,–,–,–,–,–,–,–,–,–,–,–,–,–,–,HSS228.6X127X9.5,HSS228.6X127X9.5,48.4,5790,–,–,229,202,–,–,–,127,100,–,–,–,–,–,–,–,9.53,8.86,–,–,–,–,–,–,–,–,–,–,11.3,–,22.8,–,38.5,421,336,81.5,15.3,280,241,51.6,–,–,–,36200,–,457,–,–,–,–,–,–,–,–,–,–,–,–,–,–,–,–,–,–,–,–,–,–,–,–,–,–,–,–,–,–,–,–
HSS,HSS8X6X.375,HSS8X6X3/8,–,32.58,0.000,8.97,–,–,8.00,6.95,–,–,–,6.00,4.95,–,–,–,–,–,–,–,0.375,0.349,–,–,–,–,–,–,–,–,–,–,14.2,–,19.9,–,79.1,24.1,19.8,2.97,50.6,19.8,16.9,2.38,–,–,–,100,–,30.0,–,–,–,–,–,–,–,–,–,–,–,–,–,–,–,–,–,–,–,–,–,–,–,–,–,–,–,–,–,–,–,–,HSS203.2X152.4X9.5,HSS203.2X152.4X9.5,48.4,5790,–,–,203,177,–,–,–,152,126,–,–,–,–,–,–,–,9.53,8.86,–,–,–,–,–,–,–,–,–,–,14.2,–,19.9,–,32.9,395,324,75.4,21.1,324,277,60.5,–,–,–,41600,–,492,–,–,–,–,–,–,–,–,–,–,–,–,–,–,–,–,–,–,–,–,–,–,–,–,–,–,–,–,–,–,–,–
HSS,HSS16X4X.250,HSS16X4X1/4,–,32.63,0.050,8.96,–,–,16.0,15.3,–,–,–,4.00,3.30,–,–,–,–,–,–,–,0.250,0.233,–,–,–,–,–,–,–,–,–,–,14.2,–,65.7,–,253,41.7,31.6,5.31,27.7,15.2,13.8,1.76,–,–,–,85.2,–,27.6,–,–,–,–,–,–,–,–,–,–,–,–,–,–,–,–,–,–,–,–,–,–,–,–,–,–,–,–,–,–,–,–,HSS406.4X101.6X6.4,HSS406.4X101.6X6.4,48.6,5780,–,–,406,389,–,–,–,102,83.8,–,–,–,–,–,–,–,6.35,5.92,–,–,–,–,–,–,–,–,–,–,14.2,–,65.7,–,105,683,518,135,11.5,249,226,44.7,–,–,–,35500,–,452,–,–,–,–,–,–,–,–,–,–,–,–,–,–,–,–,–,–,–,–,–,–,–,–,–,–,–,–,–,–,–,–
HSS,HSS14X6X.250,HSS14X6X1/4,–,32.63,0.000,8.96,–,–,14.0,13.3,–,–,–,6.00,5.30,–,–,–,–,–,–,–,0.250,0.233,–,–,–,–,–,–,–,–,–,–,22.8,–,57.1,–,222,39.6,31.7,4.98,59.6,22.0,19.9,2.58,–,–,–,152,–,36.9,–,–,–,–,–,–,–,–,–,–,–,–,–,–,–,–,–,–,–,–,–,–,–,–,–,–,–,–,–,–,–,–,HSS355.6X152.4X6.4,HSS355.6X152.4X6.4,48.6,5780,–,–,356,338,–,–,–,152,135,–,–,–,–,–,–,–,6.35,5.92,–,–,–,–,–,–,–,–,–,–,22.8,–,57.1,–,92.4,649,519,126,24.8,361,326,65.5,–,–,–,63300,–,605,–,–,–,–,–,–,–,–,–,–,–,–,–,–,–,–,–,–,–,–,–,–,–,–,–,–,–,–,–,–,–,–
HSS,HSS12X8X.250,HSS12X8X1/4,–,32.63,0.000,8.96,–,–,12.0,11.3,–,–,–,8.00,7.30,–,–,–,–,–,–,–,0.250,0.233,–,–,–,–,–,–,–,–,–,–,31.3,–,48.5,–,184,36.6,30.6,4.53,98.8,27.8,24.7,3.32,–,–,–,202,–,42.5,–,–,–,–,–,–,–,–,–,–,–,–,–,–,–,–,–,–,–,–,–,–,–,–,–,–,–,–,–,–,–,–,HSS304.8X203.2X6.4,HSS304.8X203.2X6.4,48.5,5780,–,–,305,287,–,–,–,203,185,–,–,–,–,–,–,–,6.35,5.92,–,–,–,–,–,–,–,–,–,–,31.3,–,48.5,–,76.6,600,501,115,41.1,456,405,84.3,–,–,–,84100,–,696,–,–,–,–,–,–,–,–,–,–,–,–,–,–,–,–,–,–,–,–,–,–,–,–,–,–,–,–,–,–,–,–
HSS,HSS10X5X.375,HSS10X5X3/8,–,35.13,0.050,9.67,–,–,10.0,8.95,–,–,–,5.00,3.95,–,–,–,–,–,–,–,0.375,0.349,–,–,–,–,–,–,–,–,–,–,11.3,–,25.7,–,120,30.4,24.1,3.53,40.6,18.7,16.2,2.05,–,–,–,100,–,31.2,–,–,–,–,–,–,–,–,–,–,–,–,–,–,–,–,–,–,–,–,–,–,–,–,–,–,–,–,–,–,–,–,HSS254X127X9.5,HSS254X127X9.5,52.2,6240,–,–,254,227,–,–,–,127,100,–,–,–,–,–,–,–,9.53,8.86,–,–,–,–,–,–,–,–,–,–,11.3,–,25.7,–,49.9,498,395,89.7,16.9,306,265,52.1,–,–,–,41600,–,511,–,–,–,–,–,–,–,–,–,–,–,–,–,–,–,–,–,–,–,–,–,–,–,–,–,–,–,–,–,–,–,–
HSS,HSS9X3X.500,HSS9X3X1/2,–,35.24,0.110,9.74,–,–,9.00,7.60,–,–,–,3.00,1.60,–,–,–,–,–,–,–,0.500,0.465,–,–,–,–,–,–,–,–,–,–,3.45,–,16.4,–,80.8,24.6,18.0,2.88,13.2,10.8,8.81,1.17,–,–,–,40.0,–,19.7,–,–,–,–,–,–,–,–,–,–,–,–,–,–,–,–,–,–,–,–,–,–,–,–,–,–,–,–,–,–,–,–,HSS228.6X76.2X12.7,HSS228.6X76.2X12.7,52.2,6280,–,–,229,193,–,–,–,76.2,40.6,–,–,–,–,–,–,–,12.7,11.8,–,–,–,–,–,–,–,–,–,–,3.45,–,16.4,–,33.6,403,295,73.2,5.49,177,144,29.7,–,–,–,16600,–,323,–,–,–,–,–,–,–,–,–,–,–,–,–,–,–,–,–,–,–,–,–,–,–,–,–,–,–,–,–,–,–,–
HSS,HSS8X4X.500,HSS8X4X1/2,–,35.24,0.000,9.74,–,–,8.00,6.60,–,–,–,4.00,2.60,–,–,–,–,–,–,–,0.500,0.465,–,–,–,–,–,–,–,–,–,–,5.60,–,14.2,–,71.8,23.5,17.9,2.71,23.6,14.3,11.8,1.56,–,–,–,61.1,–,24.4,–,–,–,–,–,–,–,–,–,–,–,–,–,–,–,–,–,–,–,–,–,–,–,–,–,–,–,–,–,–,–,–,HSS203.2X101.6X12.7,HSS203.2X101.6X12.7,52.2,6280,–,–,203,168,–,–,–,102,66.0,–,–,–,–,–,–,–,12.7,11.8,–,–,–,–,–,–,–,–,–,–,5.60,–,14.2,–,29.9,385,293,68.8,9.82,234,193,39.6,–,–,–,25400,–,400,–,–,–,–,–,–,–,–,–,–,–,–,–,–,–,–,–,–,–,–,–,–,–,–,–,–,–,–,–,–,–,–
HSS,HSS7X5X.500,HSS7X5X1/2,–,35.24,0.000,9.74,–,–,7.00,5.60,–,–,–,5.00,3.60,–,–,–,–,–,–,–,0.500,0.465,–,–,–,–,–,–,–,–,–,–,7.75,–,12.1,–,60.6,21.9,17.3,2.50,35.6,17.3,14.2,1.91,–,–,–,75.8,–,27.2,–,–,–,–,–,–,–,–,–,–,–,–,–,–,–,–,–,–,–,–,–,–,–,–,–,–,–,–,–,–,–,–,HSS177.8X127X12.7,HSS177.8X127X12.7,52.2,6280,–,–,178,142,–,–,–,127,91.4,–,–,–,–,–,–,–,12.7,11.8,–,–,–,–,–,–,–,–,–,–,7.75,–,12.1,–,25.2,359,283,63.5,14.8,283,233,48.5,–,–,–,31600,–,446,–,–,–,–,–,–,–,–,–,–,–,–,–,–,–,–,–,–,–,–,–,–,–,–,–,–,–,–,–,–,–,–
HSS,HSS16X6X.250,HSS16X6X1/4,–,36.03,0.790,9.90,–,–,16.0,15.3,–,–,–,6.00,5.30,–,–,–,–,–,–,–,0.250,0.233,–,–,–,–,–,–,–,–,–,–,22.8,–,65.7,–,311,49.0,38.8,5.60,67.4,24.7,22.5,2.61,–,–,–,181,–,42.3,–,–,–,–,–,–,–,–,–,–,–,–,–,–,–,–,–,–,–,–,–,–,–,–,–,–,–,–,–,–,–,–,HSS406.4X152.4X6.4,HSS406.4X152.4X6.4,53.6,6390,–,–,406,389,–,–,–,152,135,–,–,–,–,–,–,–,6.35,5.92,–,–,–,–,–,–,–,–,–,–,22.8,–,65.7,–,129,803,636,142,28.1,405,369,66.3,–,–,–,75300,–,693,–,–,–,–,–,–,–,–,–,–,–,–,–,–,–,–,–,–,–,–,–,–,–,–,–,–,–,–,–,–,–,–
HSS,HSS14X8X.250,HSS14X8X1/4,–,36.03,0.000,9.90,–,–,14.0,13.3,–,–,–,8.00,7.30,–,–,–,–,–,–,–,0.250,0.233,–,–,–,–,–,–,–,–,–,–,31.3,–,57.1,–,266,46.0,38.0,5.19,113,31.4,28.2,3.38,–,–,–,250,–,49.8,–,–,–,–,–,–,–,–,–,–,–,–,–,–,–,–,–,–,–,–,–,–,–,–,–,–,–,–,–,–,–,–,HSS355.6X203.2X6.4,HSS355.6X203.2X6.4,53.6,6390,–,–,356,338,–,–,–,203,185,–,–,–,–,–,–,–,6.35,5.92,–,–,–,–,–,–,–,–,–,–,31.3,–,57.1,–,111,754,623,132,47.0,515,462,85.9,–,–,–,104000,–,816,–,–,–,–,–,–,–,–,–,–,–,–,–,–,–,–,–,–,–,–,–,–,–,–,–,–,–,–,–,–,–,–
HSS,HSS12X10X.250,HSS12X10X1/4,–,36.03,0.000,9.90,–,–,12.0,11.3,–,–,–,10.0,9.30,–,–,–,–,–,–,–,0.250,0.233,–,–,–,–,–,–,–,–,–,–,39.9,–,48.5,–,216,42.1,36.0,4.67,164,37.2,32.7,4.07,–,–,–,289,–,53.5,–,–,–,–,–,–,–,–,–,–,–,–,–,–,–,–,–,–,–,–,–,–,–,–,–,–,–,–,–,–,–,–,HSS304.8X254X6.4,HSS304.8X254X6.4,53.6,6390,–,–,305,287,–,–,–,254,236,–,–,–,–,–,–,–,6.35,5.92,–,–,–,–,–,–,–,–,–,–,39.9,–,48.5,–,89.9,690,590,119,68.3,610,536,103,–,–,–,120000,–,877,–,–,–,–,–,–,–,–,–,–,–,–,–,–,–,–,–,–,–,–,–,–,–,–,–,–,–,–,–,–,–,–
HSS,HSS14X4X.313,HSS14X4X5/16,–,36.10,0.070,9.92,–,–,14.0,13.1,–,–,–,4.00,3.13,–,–,–,–,–,–,–,0.3125,0.291,–,–,–,–,–,–,–,–,–,–,10.7,–,45.1,–,216,40.6,30.9,4.67,29.2,16.4,14.6,1.72,–,–,–,87.7,–,29.5,–,–,–,–,–,–,–,–,–,–,–,–,–,–,–,–,–,–,–,–,–,–,–,–,–,–,–,–,–,–,–,–,HSS355.6X101.6X7.9,HSS355.6X101.6X7.9,53.7,6400,–,–,356,333,–,–,–,102,79.5,–,–,–,–,–,–,–,7.94,7.39,–,–,–,–,–,–,–,–,–,–,10.7,–,45.1,–,89.9,665,506,119,12.2,269,239,43.7,–,–,–,36500,–,483,–,–,–,–,–,–,–,–,–,–,–,–,–,–,–,–,–,–,–,–,–,–,–,–,–,–,–,–,–,–,–,–
HSS,HSS12X6X.313,HSS12X6X5/16,–,36.10,0.000,9.92,–,–,12.0,11.1,–,–,–,6.00,5.13,–,–,–,–,–,–,–,0.3125,0.291,–,–,–,–,–,–,–,–,–,–,17.6,–,38.2,–,184,38.1,30.7,4.31,62.8,23.6,20.9,2.52,–,–,–,152,–,38.8,–,–,–,–,–,–,–,–,–,–,–,–,–,–,–,–,–,–,–,–,–,–,–,–,–,–,–,–,–,–,–,–,HSS304.8X152.4X7.9,HSS304.8X152.4X7.9,53.7,6400,–,–,305,282,–,–,–,152,130,–,–,–,–,–,–,–,7.94,7.39,–,–,–,–,–,–,–,–,–,–,17.6,–,38.2,–,76.6,624,503,109,26.1,387,342,64.0,–,–,–,63300,–,636,–,–,–,–,–,–,–,–,–,–,–,–,–,–,–,–,–,–,–,–,–,–,–,–,–,–,–,–,–,–,–,–
HSS,HSS10X8X.313,HSS10X8X5/16,–,36.10,0.000,9.92,–,–,10.0,9.13,–,–,–,8.00,7.13,–,–,–,–,–,–,–,0.3125,0.291,–,–,–,–,–,–,–,–,–,–,24.5,–,31.4,–,145,34.4,29.0,3.82,103,29.6,25.7,3.22,–,–,–,190,–,43.5,–,–,–,–,–,–,–,–,–,–,–,–,–,–,–,–,–,–,–,–,–,–,–,–,–,–,–,–,–,–,–,–,HSS254X203.2X7.9,HSS254X203.2X7.9,53.7,6400,–,–,254,232,–,–,–,203,181,–,–,–,–,–,–,–,7.94,7.39,–,–,–,–,–,–,–,–,–,–,24.5,–,31.4,–,60.4,564,475,97.0,42.9,485,421,81.8,–,–,–,79100,–,713,–,–,–,–,–,–,–,–,–,–,–,–,–,–,–,–,–,–,–,–,–,–,–,–,–,–,–,–,–,–,–,–
HSS,HSS12X4X.375,HSS12X4X3/8,–,37.69,0.270,10.4,–,–,12.0,11.0,–,–,–,4.00,2.95,–,–,–,–,–,–,–,0.375,0.349,–,–,–,–,–,–,–,–,–,–,8.46,–,31.4,–,168,36.7,28.0,4.02,28.9,16.6,14.5,1.67,–,–,–,84.1,–,29.5,–,–,–,–,–,–,–,–,–,–,–,–,–,–,–,–,–,–,–,–,–,–,–,–,–,–,–,–,–,–,–,–,HSS304.8X101.6X9.5,HSS304.8X101.6X9.5,56.0,6710,–,–,305,279,–,–,–,102,74.9,–,–,–,–,–,–,–,9.53,8.86,–,–,–,–,–,–,–,–,–,–,8.46,–,31.4,–,69.9,601,459,102,12.0,272,238,42.4,–,–,–,35000,–,483,–,–,–,–,–,–,–,–,–,–,–,–,–,–,–,–,–,–,–,–,–,–,–,–,–,–,–,–,–,–,–,–
HSS,HSS10X6X.375,HSS10X6X3/8,–,37.69,0.000,10.4,–,–,10.0,8.95,–,–,–,6.00,4.95,–,–,–,–,–,–,–,0.375,0.349,–,–,–,–,–,–,–,–,–,–,14.2,–,25.7,–,137,33.8,27.4,3.63,61.8,23.7,20.6,2.44,–,–,–,139,–,37.9,–,–,–,–,–,–,–,–,–,–,–,–,–,–,–,–,–,–,–,–,–,–,–,–,–,–,–,–,–,–,–,–,HSS254X152.4X9.5,HSS254X152.4X9.5,56.0,6710,–,–,254,227,–,–,–,152,126,–,–,–,–,–,–,–,9.53,8.86,–,–,–,–,–,–,–,–,–,–,14.2,–,25.7,–,57.0,554,449,92.2,25.7,388,338,62.0,–,–,–,57900,–,621,–,–,–,–,–,–,–,–,–,–,–,–,–,–,–,–,–,–,–,–,–,–,–,–,–,–,–,–,–,–,–,–
HSS,HSS9X7X.375,HSS9X7X3/8,–,37.69,0.000,10.4,–,–,9.00,7.95,–,–,–,7.00,5.95,–,–,–,–,–,–,–,0.375,0.349,–,–,–,–,–,–,–,–,–,–,17.1,–,22.8,–,119,31.8,26.4,3.38,80.4,26.7,23.0,2.78,–,–,–,154,–,40.0,–,–,–,–,–,–,–,–,–,–,–,–,–,–,–,–,–,–,–,–,–,–,–,–,–,–,–,–,–,–,–,–,HSS228.6X177.8X9.5,HSS228.6X177.8X9.5,56.0,6710,–,–,229,202,–,–,–,178,151,–,–,–,–,–,–,–,9.53,8.86,–,–,–,–,–,–,–,–,–,–,17.1,–,22.8,–,49.5,521,433,85.9,33.5,438,377,70.6,–,–,–,64100,–,655,–,–,–,–,–,–,–,–,–,–,–,–,–,–,–,–,–,–,–,–,–,–,–,–,–,–,–,–,–,–,–,–
HSS,HSS20X4X.250,HSS20X4X1/4,–,39.43,0.850,10.8,–,–,20.0,19.3,–,–,–,4.00,3.30,–,–,–,–,–,–,–,0.250,0.233,–,–,–,–,–,–,–,–,–,–,14.2,–,82.8,–,458,61.5,45.8,6.50,34.3,18.7,17.1,1.78,–,–,–,111,–,34.7,–,–,–,–,–,–,–,–,–,–,–,–,–,–,–,–,–,–,–,–,–,–,–,–,–,–,–,–,–,–,–,–,HSS508X101.6X6.4,HSS508X101.6X6.4,58.7,6970,–,–,508,490,–,–,–,102,83.8,–,–,–,–,–,–,–,6.35,5.92,–,–,–,–,–,–,–,–,–,–,14.2,–,82.8,–,191,1010,751,165,14.3,306,280,45.2,–,–,–,46200,–,569,–,–,–,–,–,–,–,–,–,–,–,–,–,–,–,–,–,–,–,–,–,–,–,–,–,–,–,–,–,–,–,–
HSS,HSS18X6X.250,HSS18X6X1/4,–,39.43,0.000,10.8,–,–,18.0,17.3,–,–,–,6.00,5.30,–,–,–,–,–,–,–,0.250,0.233,–,–,–,–,–,–,–,–,–,–,22.8,–,74.3,–,419,59.4,46.5,6.22,75.1,27.3,25.0,2.63,–,–,–,210,–,47.7,–,–,–,–,–,–,–,–,–,–,–,–,–,–,–,–,–,–,–,–,–,–,–,–,–,–,–,–,–,–,–,–,HSS457.2X152.4X6.4,HSS457.2X152.4X6.4,58.7,6970,–,–,457,439,–,–,–,152,135,–,–,–,–,–,–,–,6.35,5.92,–,–,–,–,–,–,–,–,–,–,22.8,–,74.3,–,174,973,762,158,31.3,447,410,66.8,–,–,–,87400,–,782,–,–,–,–,–,–,–,–,–,–,–,–,–,–,–,–,–,–,–,–,–,–,–,–,–,–,–,–,–,–,–,–
HSS,HSS16X8X.250,HSS16X8X1/4,–,39.43,0.000,10.8,–,–,16.0,15.3,–,–,–,8.00,7.30,–,–,–,–,–,–,–,0.250,0.233,–,–,–,–,–,–,–,–,–,–,31.3,–,65.7,–,368,56.4,46.1,5.83,127,35.0,31.7,3.42,–,–,–,300,–,57.0,–,–,–,–,–,–,–,–,–,–,–,–,–,–,–,–,–,–,–,–,–,–,–,–,–,–,–,–,–,–,–,–,HSS406.4X203.2X6.4,HSS406.4X203.2X6.4,58.7,6970,–,–,406,389,–,–,–,203,185,–,–,–,–,–,–,–,6.35,5.92,–,–,–,–,–,–,–,–,–,–,31.3,–,65.7,–,153,924,755,148,52.9,574,519,86.9,–,–,–,125000,–,934,–,–,–,–,–,–,–,–,–,–,–,–,–,–,–,–,–,–,–,–,–,–,–,–,–,–,–,–,–,–,–,–
HSS,HSS14X10X.250,HSS14X10X1/4,–,39.43,0.000,10.8,–,–,14.0,13.3,–,–,–,10.0,9.30,–,–,–,–,–,–,–,0.250,0.233,–,–,–,–,–,–,–,–,–,–,39.9,–,57.1,–,310,52.4,44.3,5.35,186,41.8,37.2,4.14,–,–,–,362,–,62.6,–,–,–,–,–,–,–,–,–,–,–,–,–,–,–,–,–,–,–,–,–,–,–,–,–,–,–,–,–,–,–,–,HSS355.6X254X6.4,HSS355.6X254X6.4,58.7,6970,–,–,356,338,–,–,–,254,236,–,–,–,–,–,–,–,6.35,5.92,–,–,–,–,–,–,–,–,–,–,39.9,–,57.1,–,129,859,726,136,77.4,685,610,105,–,–,–,151000,–,1030,–,–,–,–,–,–,–,–,–,–,–,–,–,–,–,–,–,–,–,–,–,–,–,–,–,–,–,–,–,–,–,–
HSS,HSS16X4X.313,HSS16X4X5/16,–,40.35,0.920,11.1,–,–,16.0,15.1,–,–,–,4.00,3.13,–,–,–,–,–,–,–,0.3125,0.291,–,–,–,–,–,–,–,–,–,–,10.7,–,52.0,–,308,51.1,38.5,5.27,33.2,18.5,16.6,1.73,–,–,–,103,–,33.8,–,–,–,–,–,–,–,–,–,–,–,–,–,–,–,–,–,–,–,–,–,–,–,–,–,–,–,–,–,–,–,–,HSS406.4X101.6X7.9,HSS406.4X101.6X7.9,60.0,7160,–,–,406,384,–,–,–,102,79.5,–,–,–,–,–,–,–,7.94,7.39,–,–,–,–,–,–,–,–,–,–,10.7,–,52.0,–,128,837,631,134,13.8,303,272,43.9,–,–,–,42900,–,554,–,–,–,–,–,–,–,–,–,–,–,–,–,–,–,–,–,–,–,–,–,–,–,–,–,–,–,–,–,–,–,–
HSS,HSS14X6X.313,HSS14X6X5/16,–,40.35,0.000,11.1,–,–,14.0,13.1,–,–,–,6.00,5.13,–,–,–,–,–,–,–,0.3125,0.291,–,–,–,–,–,–,–,–,–,–,17.6,–,45.1,–,271,48.6,38.7,4.94,72.3,26.9,24.1,2.55,–,–,–,186,–,45.5,–,–,–,–,–,–,–,–,–,–,–,–,–,–,–,–,–,–,–,–,–,–,–,–,–,–,–,–,–,–,–,–,HSS355.6X152.4X7.9,HSS355.6X152.4X7.9,60.0,7160,–,–,356,333,–,–,–,152,130,–,–,–,–,–,–,–,7.94,7.39,–,–,–,–,–,–,–,–,–,–,17.6,–,45.1,–,113,796,634,125,30.1,441,395,64.8,–,–,–,77400,–,746,–,–,–,–,–,–,–,–,–,–,–,–,–,–,–,–,–,–,–,–,–,–,–,–,–,–,–,–,–,–,–,–
HSS,HSS12X8X.313,HSS12X8X5/16,–,40.35,0.000,11.1,–,–,12.0,11.1,–,–,–,8.00,7.13,–,–,–,–,–,–,–,0.3125,0.291,–,–,–,–,–,–,–,–,–,–,24.5,–,38.2,–,224,44.9,37.4,4.50,120,34.1,30.1,3.29,–,–,–,248,–,52.4,–,–,–,–,–,–,–,–,–,–,–,–,–,–,–,–,–,–,–,–,–,–,–,–,–,–,–,–,–,–,–,–,HSS304.8X203.2X7.9,HSS304.8X203.2X7.9,60.1,7160,–,–,305,282,–,–,–,203,181,–,–,–,–,–,–,–,7.94,7.39,–,–,–,–,–,–,–,–,–,–,24.5,–,38.2,–,93.2,736,613,114,49.9,559,493,83.6,–,–,–,103000,–,859,–,–,–,–,–,–,–,–,–,–,–,–,–,–,–,–,–,–,–,–,–,–,–,–,–,–,–,–,–,–,–,–
HSS,HSS10X4X.500,HSS10X4X1/2,–,42.05,0.460,11.6,–,–,10.0,8.60,–,–,–,4.00,2.60,–,–,–,–,–,–,–,0.500,0.465,–,–,–,–,–,–,–,–,–,–,5.60,–,18.5,–,129,34.1,25.8,3.34,29.5,17.6,14.7,1.59,–,–,–,82.6,–,31.0,–,–,–,–,–,–,–,–,–,–,–,–,–,–,–,–,–,–,–,–,–,–,–,–,–,–,–,–,–,–,–,–,HSS254X101.6X12.7,HSS254X101.6X12.7,62.4,7480,–,–,254,218,–,–,–,102,66.0,–,–,–,–,–,–,–,12.7,11.8,–,–,–,–,–,–,–,–,–,–,5.60,–,18.5,–,53.7,559,423,84.8,12.3,288,241,40.4,–,–,–,34400,–,508,–,–,–,–,–,–,–,–,–,–,–,–,–,–,–,–,–,–,–,–,–,–,–,–,–,–,–,–,–,–,–,–
HSS,HSS9X5X.500,HSS9X5X1/2,–,42.05,0.000,11.6,–,–,9.00,7.60,–,–,–,5.00,3.60,–,–,–,–,–,–,–,0.500,0.465,–,–,–,–,–,–,–,–,–,–,7.75,–,16.4,–,115,32.5,25.5,3.14,45.2,21.5,18.1,1.97,–,–,–,109,–,35.6,–,–,–,–,–,–,–,–,–,–,–,–,–,–,–,–,–,–,–,–,–,–,–,–,–,–,–,–,–,–,–,–,HSS228.6X127X12.7,HSS228.6X127X12.7,62.4,7480,–,–,229,193,–,–,–,127,91.4,–,–,–,–,–,–,–,12.7,11.8,–,–,–,–,–,–,–,–,–,–,7.75,–,16.4,–,47.9,533,418,79.8,18.8,352,297,50.0,–,–,–,45400,–,583,–,–,–,–,–,–,–,–,–,–,–,–,–,–,–,–,–,–,–,–,–,–,–,–,–,–,–,–,–,–,–,–
HSS,HSS8X6X.500,HSS8X6X1/2,–,42.05,0.000,11.6,–,–,8.00,6.60,–,–,–,6.00,4.61,–,–,–,–,–,–,–,0.500,0.465,–,–,–,–,–,–,–,–,–,–,9.90,–,14.2,–,98.2,30.5,24.6,2.91,62.5,24.9,20.8,2.32,–,–,–,127,–,38.4,–,–,–,–,–,–,–,–,–,–,–,–,–,–,–,–,–,–,–,–,–,–,–,–,–,–,–,–,–,–,–,–,HSS203.2X152.4X12.7,HSS203.2X152.4X12.7,62.4,7480,–,–,203,168,–,–,–,152,117,–,–,–,–,–,–,–,12.7,11.8,–,–,–,–,–,–,–,–,–,–,9.90,–,14.2,–,40.9,500,403,73.9,26.0,408,341,58.9,–,–,–,52900,–,629,–,–,–,–,–,–,–,–,–,–,–,–,–,–,–,–,–,–,–,–,–,–,–,–,–,–,–,–,–,–,–,–
HSS,HSS8X4X.625,HSS8X4X5/8,–,42.30,0.210,11.7,–,–,8.00,6.26,–,–,–,4.00,2.26,–,–,–,–,–,–,–,0.625,0.581,–,–,–,–,–,–,–,–,–,–,3.88,–,10.8,–,82.0,27.4,20.5,2.64,26.6,16.6,13.3,1.51,–,–,–,70.3,–,28.7,–,–,–,–,–,–,–,–,–,–,–,–,–,–,–,–,–,–,–,–,–,–,–,–,–,–,–,–,–,–,–,–,HSS203.2X101.6X15.9,HSS203.2X101.6X15.9,62.6,7550,–,–,203,159,–,–,–,102,57.4,–,–,–,–,–,–,–,15.9,14.8,–,–,–,–,–,–,–,–,–,–,3.88,–,10.8,–,34.1,449,336,67.1,11.1,272,218,38.4,–,–,–,29300,–,470,–,–,–,–,–,–,–,–,–,–,–,–,–,–,–,–,–,–,–,–,–,–,–,–,–,–,–,–,–,–,–,–
HSS,HSS14X4X.375,HSS14X4X3/8,–,42.79,0.490,11.8,–,–,14.0,13.0,–,–,–,4.00,2.95,–,–,–,–,–,–,–,0.375,0.349,–,–,–,–,–,–,–,–,–,–,8.46,–,37.1,–,252,47.8,36.0,4.63,33.6,19.1,16.8,1.69,–,–,–,102,–,34.6,–,–,–,–,–,–,–,–,–,–,–,–,–,–,–,–,–,–,–,–,–,–,–,–,–,–,–,–,–,–,–,–,HSS355.6X101.6X9.5,HSS355.6X101.6X9.5,63.6,7610,–,–,356,330,–,–,–,102,74.9,–,–,–,–,–,–,–,9.53,8.86,–,–,–,–,–,–,–,–,–,–,8.46,–,37.1,–,105,783,590,118,14.0,313,275,42.9,–,–,–,42500,–,567,–,–,–,–,–,–,–,–,–,–,–,–,–,–,–,–,–,–,–,–,–,–,–,–,–,–,–,–,–,–,–,–
HSS,HSS12X6X.375,HSS12X6X3/8,–,42.79,0.000,11.8,–,–,12.0,11.0,–,–,–,6.00,4.95,–,–,–,–,–,–,–,0.375,0.349,–,–,–,–,–,–,–,–,–,–,14.2,–,31.4,–,215,44.8,35.9,4.28,72.9,27.7,24.3,2.49,–,–,–,178,–,45.8,–,–,–,–,–,–,–,–,–,–,–,–,–,–,–,–,–,–,–,–,–,–,–,–,–,–,–,–,–,–,–,–,HSS304.8X152.4X9.5,HSS304.8X152.4X9.5,63.6,7610,–,–,305,279,–,–,–,152,126,–,–,–,–,–,–,–,9.53,8.86,–,–,–,–,–,–,–,–,–,–,14.2,–,31.4,–,89.5,734,588,109,30.3,454,398,63.2,–,–,–,74100,–,751,–,–,–,–,–,–,–,–,–,–,–,–,–,–,–,–,–,–,–,–,–,–,–,–,–,–,–,–,–,–,–,–
HSS,HSS10X8X.375,HSS10X8X3/8,–,42.79,0.000,11.8,–,–,10.0,8.95,–,–,–,8.00,6.95,–,–,–,–,–,–,–,0.375,0.349,–,–,–,–,–,–,–,–,–,–,19.9,–,25.7,–,169,40.5,33.9,3.79,120,34.8,30.0,3.19,–,–,–,224,–,51.4,–,–,–,–,–,–,–,–,–,–,–,–,–,–,–,–,–,–,–,–,–,–,–,–,–,–,–,–,–,–,–,–,HSS254X203.2X9.5,HSS254X203.2X9.5,63.6,7610,–,–,254,227,–,–,–,203,177,–,–,–,–,–,–,–,9.53,8.86,–,–,–,–,–,–,–,–,–,–,19.9,–,25.7,–,70.3,664,556,96.3,49.9,570,492,81.0,–,–,–,93200,–,842,–,–,–,–,–,–,–,–,–,–,–,–,–,–,–,–,–,–,–,–,–,–,–,–,–,–,–,–,–,–,–,–
HSS,HSS20X6X.250,HSS20X6X1/4,–,42.84,0.050,11.8,–,–,20.0,19.3,–,–,–,6.00,5.30,–,–,–,–,–,–,–,0.250,0.233,–,–,–,–,–,–,–,–,–,–,22.8,–,82.8,–,549,70.7,54.9,6.83,82.9,30.0,27.6,2.66,–,–,–,240,–,53.1,–,–,–,–,–,–,–,–,–,–,–,–,–,–,–,–,–,–,–,–,–,–,–,–,–,–,–,–,–,–,–,–,HSS508X152.4X6.4,HSS508X152.4X6.4,63.8,7610,–,–,508,490,–,–,–,152,135,–,–,–,–,–,–,–,6.35,5.92,–,–,–,–,–,–,–,–,–,–,22.8,–,82.8,–,229,1160,900,173,34.5,492,452,67.6,–,–,–,99900,–,870,–,–,–,–,–,–,–,–,–,–,–,–,–,–,–,–,–,–,–,–,–,–,–,–,–,–,–,–,–,–,–,–
HSS,HSS18X8X.250,HSS18X8X1/4,–,42.84,0.000,11.8,–,–,18.0,17.3,–,–,–,8.00,7.30,–,–,–,–,–,–,–,0.250,0.233,–,–,–,–,–,–,–,–,–,–,31.3,–,74.3,–,492,67.7,54.7,6.47,141,38.6,35.2,3.46,–,–,–,351,–,64.3,–,–,–,–,–,–,–,–,–,–,–,–,–,–,–,–,–,–,–,–,–,–,–,–,–,–,–,–,–,–,–,–,HSS457.2X203.2X6.4,HSS457.2X203.2X6.4,63.8,7610,–,–,457,439,–,–,–,203,185,–,–,–,–,–,–,–,6.35,5.92,–,–,–,–,–,–,–,–,–,–,31.3,–,74.3,–,205,1110,896,164,58.7,633,577,87.9,–,–,–,146000,–,1050,–,–,–,–,–,–,–,–,–,–,–,–,–,–,–,–,–,–,–,–,–,–,–,–,–,–,–,–,–,–,–,–
HSS,HSS16X10X.250,HSS16X10X1/4,–,42.84,0.000,11.8,–,–,16.0,15.3,–,–,–,10.0,9.30,–,–,–,–,–,–,–,0.250,0.233,–,–,–,–,–,–,–,–,–,–,39.9,–,65.7,–,426,63.7,53.3,6.02,208,46.3,41.6,4.21,–,–,–,437,–,71.7,–,–,–,–,–,–,–,–,–,–,–,–,–,–,–,–,–,–,–,–,–,–,–,–,–,–,–,–,–,–,–,–,HSS406.4X254X6.4,HSS406.4X254X6.4,63.8,7610,–,–,406,389,–,–,–,254,236,–,–,–,–,–,–,–,6.35,5.92,–,–,–,–,–,–,–,–,–,–,39.9,–,65.7,–,177,1040,873,153,86.6,759,682,107,–,–,–,182000,–,1170,–,–,–,–,–,–,–,–,–,–,–,–,–,–,–,–,–,–,–,–,–,–,–,–,–,–,–,–,–,–,–,–
HSS,HSS14X12X.250,HSS14X12X1/4,–,42.84,0.000,11.8,–,–,14.0,13.3,–,–,–,12.0,11.3,–,–,–,–,–,–,–,0.250,0.233,–,–,–,–,–,–,–,–,–,–,48.5,–,57.1,–,354,58.9,50.6,5.49,280,53.0,46.7,4.88,–,–,–,484,–,75.4,–,–,–,–,–,–,–,–,–,–,–,–,–,–,–,–,–,–,–,–,–,–,–,–,–,–,–,–,–,–,–,–,HSS355.6X304.8X6.4,HSS355.6X304.8X6.4,63.8,7610,–,–,356,338,–,–,–,305,287,–,–,–,–,–,–,–,6.35,5.92,–,–,–,–,–,–,–,–,–,–,48.5,–,57.1,–,147,965,829,139,117,869,765,124,–,–,–,201000,–,1240,–,–,–,–,–,–,–,–,–,–,–,–,–,–,–,–,–,–,–,–,–,–,–,–,–,–,–,–,–,–,–,–
HSS,HSS16X6X.313,HSS16X6X5/16,–,44.60,0.960,12.2,–,–,16.0,15.1,–,–,–,6.00,5.13,–,–,–,–,–,–,–,0.3125,0.291,–,–,–,–,–,–,–,–,–,–,17.6,–,52.0,–,379,60.3,47.4,5.57,81.8,30.2,27.3,2.58,–,–,–,222,–,52.1,–,–,–,–,–,–,–,–,–,–,–,–,–,–,–,–,–,–,–,–,–,–,–,–,–,–,–,–,–,–,–,–,HSS406.4X152.4X7.9,HSS406.4X152.4X7.9,66.4,7870,–,–,406,384,–,–,–,152,130,–,–,–,–,–,–,–,7.95,7.39,–,–,–,–,–,–,–,–,–,–,17.6,–,52.0,–,158,988,777,141,34.0,495,447,65.5,–,–,–,92400,–,854,–,–,–,–,–,–,–,–,–,–,–,–,–,–,–,–,–,–,–,–,–,–,–,–,–,–,–,–,–,–,–,–
HSS,HSS14X8X.313,HSS14X8X5/16,–,44.60,0.000,12.2,–,–,14.0,13.1,–,–,–,8.00,7.13,–,–,–,–,–,–,–,0.3125,0.291,–,–,–,–,–,–,–,–,–,–,24.5,–,45.1,–,325,56.6,46.5,5.15,138,38.6,34.4,3.35,–,–,–,308,–,61.4,–,–,–,–,–,–,–,–,–,–,–,–,–,–,–,–,–,–,–,–,–,–,–,–,–,–,–,–,–,–,–,–,HSS355.6X203.2X7.9,HSS355.6X203.2X7.9,66.4,7870,–,–,356,333,–,–,–,203,181,–,–,–,–,–,–,–,7.95,7.39,–,–,–,–,–,–,–,–,–,–,24.5,–,45.1,–,135,928,762,131,57.4,633,564,85.1,–,–,–,128000,–,1010,–,–,–,–,–,–,–,–,–,–,–,–,–,–,–,–,–,–,–,–,–,–,–,–,–,–,–,–,–,–,–,–
HSS,HSS12X10X.313,HSS12X10X5/16,–,44.60,0.000,12.2,–,–,12.0,11.1,–,–,–,10.0,9.13,–,–,–,–,–,–,–,0.3125,0.291,–,–,–,–,–,–,–,–,–,–,31.4,–,38.2,–,264,51.7,44.0,4.64,200,45.7,40.0,4.04,–,–,–,356,–,66.1,–,–,–,–,–,–,–,–,–,–,–,–,–,–,–,–,–,–,–,–,–,–,–,–,–,–,–,–,–,–,–,–,HSS304.8X254X7.9,HSS304.8X254X7.9,66.4,7870,–,–,305,282,–,–,–,254,232,–,–,–,–,–,–,–,7.94,7.39,–,–,–,–,–,–,–,–,–,–,31.4,–,38.2,–,110,847,721,118,83.2,749,655,103,–,–,–,148000,–,1080,–,–,–,–,–,–,–,–,–,–,–,–,–,–,–,–,–,–,–,–,–,–,–,–,–,–,–,–,–,–,–,–
HSS,HSS18X10X.250,HSS18X10X1/4,–,46.24,0.590,12.7,–,–,18.0,17.3,–,–,–,10.0,9.30,–,–,–,–,–,–,–,0.250,0.233,–,–,–,–,–,–,–,–,–,–,39.9,–,74.3,–,566,76.0,62.9,6.68,230,50.9,46.1,4.26,–,–,–,515,–,80.8,–,–,–,–,–,–,–,–,–,–,–,–,–,–,–,–,–,–,–,–,–,–,–,–,–,–,–,–,–,–,–,–,HSS457.2X254X6.4,HSS457.2X254X6.4,68.8,8190,–,–,457,439,–,–,–,254,236,–,–,–,–,–,–,–,6.35,5.92,–,–,–,–,–,–,–,–,–,–,39.9,–,74.3,–,236,1250,1030,170,95.7,834,755,108,–,–,–,214000,–,1320,–,–,–,–,–,–,–,–,–,–,–,–,–,–,–,–,–,–,–,–,–,–,–,–,–,–,–,–,–,–,–,–
HSS,HSS16X4X.375,HSS16X4X3/8,–,47.90,0.460,13.2,–,–,16.0,15.0,–,–,–,4.00,2.95,–,–,–,–,–,–,–,0.375,0.349,–,–,–,–,–,–,–,–,–,–,8.46,–,42.8,–,360,60.2,45.0,5.23,38.3,21.7,19.1,1.71,–,–,–,120,–,39.7,–,–,–,–,–,–,–,–,–,–,–,–,–,–,–,–,–,–,–,–,–,–,–,–,–,–,–,–,–,–,–,–,HSS406.4X101.6X9.5,HSS406.4X101.6X9.5,71.2,8520,–,–,406,381,–,–,–,102,74.9,–,–,–,–,–,–,–,9.53,8.86,–,–,–,–,–,–,–,–,–,–,8.46,–,42.8,–,150,987,737,133,15.9,356,313,43.4,–,–,–,49900,–,651,–,–,–,–,–,–,–,–,–,–,–,–,–,–,–,–,–,–,–,–,–,–,–,–,–,–,–,–,–,–,–,–
HSS,HSS14X6X.375,HSS14X6X3/8,–,47.90,0.000,13.2,–,–,14.0,13.0,–,–,–,6.00,4.95,–,–,–,–,–,–,–,0.375,0.349,–,–,–,–,–,–,–,–,–,–,14.2,–,37.1,–,317,57.3,45.3,4.91,84.1,31.6,28.0,2.53,–,–,–,219,–,53.7,–,–,–,–,–,–,–,–,–,–,–,–,–,–,–,–,–,–,–,–,–,–,–,–,–,–,–,–,–,–,–,–,HSS355.6X152.4X9.5,HSS355.6X152.4X9.5,71.2,8520,–,–,356,330,–,–,–,152,126,–,–,–,–,–,–,–,9.53,8.86,–,–,–,–,–,–,–,–,–,–,14.2,–,37.1,–,132,939,742,125,35.0,518,459,64.3,–,–,–,91200,–,880,–,–,–,–,–,–,–,–,–,–,–,–,–,–,–,–,–,–,–,–,–,–,–,–,–,–,–,–,–,–,–,–
HSS,HSS12X8X.375,HSS12X8X3/8,–,47.90,0.000,13.2,–,–,12.0,11.0,–,–,–,8.00,6.95,–,–,–,–,–,–,–,0.375,0.349,–,–,–,–,–,–,–,–,–,–,19.9,–,31.4,–,262,53.0,43.7,4.47,140,40.1,35.1,3.27,–,–,–,293,–,62.1,–,–,–,–,–,–,–,–,–,–,–,–,–,–,–,–,–,–,–,–,–,–,–,–,–,–,–,–,–,–,–,–,HSS304.8X203.2X9.5,HSS304.8X203.2X9.5,71.2,8520,–,–,305,279,–,–,–,203,177,–,–,–,–,–,–,–,9.53,8.86,–,–,–,–,–,–,–,–,–,–,19.9,–,31.4,–,109,869,716,114,58.3,657,575,83.1,–,–,–,122000,–,1020,–,–,–,–,–,–,–,–,–,–,–,–,–,–,–,–,–,–,–,–,–,–,–,–,–,–,–,–,–,–,–,–
HSS,HSS12X4X.500,HSS12X4X1/2,–,48.85,0.080,13.5,–,–,12.0,10.6,–,–,–,4.00,2.60,–,–,–,–,–,–,–,0.500,0.465,–,–,–,–,–,–,–,–,–,–,5.60,–,22.8,–,210,46.7,34.9,3.95,35.3,20.9,17.7,1.62,–,–,–,105,–,37.5,–,–,–,–,–,–,–,–,–,–,–,–,–,–,–,–,–,–,–,–,–,–,–,–,–,–,–,–,–,–,–,–,HSS304.8X101.6X12.7,HSS304.8X101.6X12.7,72.5,8710,–,–,305,269,–,–,–,102,66.0,–,–,–,–,–,–,–,12.7,11.8,–,–,–,–,–,–,–,–,–,–,5.60,–,22.8,–,87.4,765,572,100,14.7,342,290,41.1,–,–,–,43700,–,615,–,–,–,–,–,–,–,–,–,–,–,–,–,–,–,–,–,–,–,–,–,–,–,–,–,–,–,–,–,–,–,–
HSS,HSS10X6X.500,HSS10X6X1/2,–,48.85,0.000,13.5,–,–,10.0,8.60,–,–,–,6.00,4.61,–,–,–,–,–,–,–,0.500,0.465,–,–,–,–,–,–,–,–,–,–,9.90,–,18.5,–,171,43.0,34.3,3.57,76.8,30.1,25.6,2.39,–,–,–,176,–,48.7,–,–,–,–,–,–,–,–,–,–,–,–,–,–,–,–,–,–,–,–,–,–,–,–,–,–,–,–,–,–,–,–,HSS254X152.4X12.7,HSS254X152.4X12.7,72.5,8710,–,–,254,218,–,–,–,152,117,–,–,–,–,–,–,–,12.7,11.8,–,–,–,–,–,–,–,–,–,–,9.90,–,18.5,–,71.2,705,562,90.7,32.0,493,420,60.7,–,–,–,73300,–,798,–,–,–,–,–,–,–,–,–,–,–,–,–,–,–,–,–,–,–,–,–,–,–,–,–,–,–,–,–,–,–,–
HSS,HSS9X7X.500,HSS9X7X1/2,–,48.85,0.000,13.5,–,–,9.00,7.60,–,–,–,7.00,5.60,–,–,–,–,–,–,–,0.500,0.465,–,–,–,–,–,–,–,–,–,–,12.1,–,16.4,–,149,40.5,33.0,3.32,100,34.0,28.7,2.73,–,–,–,197,–,51.5,–,–,–,–,–,–,–,–,–,–,–,–,–,–,–,–,–,–,–,–,–,–,–,–,–,–,–,–,–,–,–,–,HSS228.6X177.8X12.7,HSS228.6X177.8X12.7,72.5,8710,–,–,229,193,–,–,–,178,142,–,–,–,–,–,–,–,12.7,11.8,–,–,–,–,–,–,–,–,–,–,12.1,–,16.4,–,62.0,664,541,84.3,41.6,557,470,69.3,–,–,–,82000,–,844,–,–,–,–,–,–,–,–,–,–,–,–,–,–,–,–,–,–,–,–,–,–,–,–,–,–,–,–,–,–,–,–
HSS,HSS20X4X.313,HSS20X4X5/16,–,48.86,0.010,13.4,–,–,20.0,19.1,–,–,–,4.00,3.13,–,–,–,–,–,–,–,0.3125,0.291,–,–,–,–,–,–,–,–,–,–,10.7,–,65.7,–,560,75.6,56.0,6.46,41.2,22.9,20.6,1.75,–,–,–,134,–,42.4,–,–,–,–,–,–,–,–,–,–,–,–,–,–,–,–,–,–,–,–,–,–,–,–,–,–,–,–,–,–,–,–,HSS508X101.6X7.9,HSS508X101.6X7.9,72.7,8650,–,–,508,485,–,–,–,102,79.5,–,–,–,–,–,–,–,7.94,7.39,–,–,–,–,–,–,–,–,–,–,10.7,–,65.7,–,233,1240,918,164,17.1,375,338,44.5,–,–,–,55800,–,695,–,–,–,–,–,–,–,–,–,–,–,–,–,–,–,–,–,–,–,–,–,–,–,–,–,–,–,–,–,–,–,–
HSS,HSS18X6X.313,HSS18X6X5/16,–,48.86,0.000,13.4,–,–,18.0,17.1,–,–,–,6.00,5.13,–,–,–,–,–,–,–,0.3125,0.291,–,–,–,–,–,–,–,–,–,–,17.6,–,58.9,–,513,73.1,57.0,6.18,91.3,33.5,30.4,2.61,–,–,–,257,–,58.7,–,–,–,–,–,–,–,–,–,–,–,–,–,–,–,–,–,–,–,–,–,–,–,–,–,–,–,–,–,–,–,–,HSS457.2X152.4X7.9,HSS457.2X152.4X7.9,72.7,8650,–,–,457,434,–,–,–,152,130,–,–,–,–,–,–,–,7.94,7.39,–,–,–,–,–,–,–,–,–,–,17.6,–,58.9,–,214,1200,934,157,38.0,549,498,66.3,–,–,–,107000,–,962,–,–,–,–,–,–,–,–,–,–,–,–,–,–,–,–,–,–,–,–,–,–,–,–,–,–,–,–,–,–,–,–
HSS,HSS16X8X.313,HSS16X8X5/16,–,48.86,0.000,13.4,–,–,16.0,15.1,–,–,–,8.00,7.13,–,–,–,–,–,–,–,0.3125,0.291,–,–,–,–,–,–,–,–,–,–,24.5,–,52.0,–,451,69.4,56.4,5.80,155,43.0,38.7,3.40,–,–,–,369,–,70.4,–,–,–,–,–,–,–,–,–,–,–,–,–,–,–,–,–,–,–,–,–,–,–,–,–,–,–,–,–,–,–,–,HSS406.4X203.2X7.9,HSS406.4X203.2X7.9,72.7,8650,–,–,406,384,–,–,–,203,181,–,–,–,–,–,–,–,7.94,7.39,–,–,–,–,–,–,–,–,–,–,24.5,–,52.0,–,188,1140,924,147,64.5,705,634,86.4,–,–,–,154000,–,1150,–,–,–,–,–,–,–,–,–,–,–,–,–,–,–,–,–,–,–,–,–,–,–,–,–,–,–,–,–,–,–,–
HSS,HSS14X10X.313,HSS14X10X5/16,–,48.86,0.000,13.4,–,–,14.0,13.1,–,–,–,10.0,9.13,–,–,–,–,–,–,–,0.3125,0.291,–,–,–,–,–,–,–,–,–,–,31.4,–,45.1,–,380,64.6,54.3,5.32,227,51.4,45.5,4.12,–,–,–,446,–,77.4,–,–,–,–,–,–,–,–,–,–,–,–,–,–,–,–,–,–,–,–,–,–,–,–,–,–,–,–,–,–,–,–,HSS355.6X254X7.9,HSS355.6X254X7.9,72.7,8650,–,–,356,333,–,–,–,254,232,–,–,–,–,–,–,–,7.94,7.39,–,–,–,–,–,–,–,–,–,–,31.4,–,45.1,–,158,1060,890,135,94.5,842,746,105,–,–,–,186000,–,1270,–,–,–,–,–,–,–,–,–,–,–,–,–,–,–,–,–,–,–,–,–,–,–,–,–,–,–,–,–,–,–,–
HSS,HSS10X4X.625,HSS10X4X5/8,–,50.81,0.030,14.0,–,–,10.0,8.26,–,–,–,4.00,2.26,–,–,–,–,–,–,–,0.625,0.581,–,–,–,–,–,–,–,–,–,–,3.88,–,14.2,–,149,40.3,29.9,3.26,33.5,20.6,16.8,1.54,–,–,–,95.7,–,36.7,–,–,–,–,–,–,–,–,–,–,–,–,–,–,–,–,–,–,–,–,–,–,–,–,–,–,–,–,–,–,–,–,HSS254X101.6X15.9,HSS254X101.6X15.9,75.3,9030,–,–,254,210,–,–,–,102,57.4,–,–,–,–,–,–,–,15.9,14.8,–,–,–,–,–,–,–,–,–,–,3.88,–,14.2,–,62.0,660,490,82.8,13.9,338,275,39.1,–,–,–,39800,–,601,–,–,–,–,–,–,–,–,–,–,–,–,–,–,–,–,–,–,–,–,–,–,–,–,–,–,–,–,–,–,–,–
HSS,HSS9X5X.625,HSS9X5X5/8,–,50.81,0.000,14.0,–,–,9.00,7.26,–,–,–,5.00,3.26,–,–,–,–,–,–,–,0.625,0.581,–,–,–,–,–,–,–,–,–,–,5.61,–,12.5,–,133,38.5,29.6,3.08,52.0,25.3,20.8,1.92,–,–,–,128,–,42.5,–,–,–,–,–,–,–,–,–,–,–,–,–,–,–,–,–,–,–,–,–,–,–,–,–,–,–,–,–,–,–,–,HSS228.6X127X15.9,HSS228.6X127X15.9,75.3,9030,–,–,229,184,–,–,–,127,82.8,–,–,–,–,–,–,–,15.9,14.8,–,–,–,–,–,–,–,–,–,–,5.61,–,12.5,–,55.4,631,485,78.2,21.6,415,341,48.8,–,–,–,53300,–,696,–,–,–,–,–,–,–,–,–,–,–,–,–,–,–,–,–,–,–,–,–,–,–,–,–,–,–,–,–,–,–,–
HSS,HSS8X6X.625,HSS8X6X5/8,–,50.81,0.000,14.0,–,–,8.00,6.26,–,–,–,6.00,4.26,–,–,–,–,–,–,–,0.625,0.581,–,–,–,–,–,–,–,–,–,–,7.33,–,10.8,–,114,36.1,28.5,2.85,72.3,29.5,24.1,2.27,–,–,–,150,–,46.0,–,–,–,–,–,–,–,–,–,–,–,–,–,–,–,–,–,–,–,–,–,–,–,–,–,–,–,–,–,–,–,–,HSS203.2X152.4X15.9,HSS203.2X152.4X15.9,75.3,9030,–,–,203,159,–,–,–,152,108,–,–,–,–,–,–,–,15.9,14.8,–,–,–,–,–,–,–,–,–,–,7.33,–,10.8,–,47.5,592,467,72.4,30.1,483,395,57.7,–,–,–,62400,–,754,–,–,–,–,–,–,–,–,–,–,–,–,–,–,–,–,–,–,–,–,–,–,–,–,–,–,–,–,–,–,–,–
HSS,HSS16X6X.375,HSS16X6X3/8,–,53.00,0.220,14.6,–,–,16.0,15.0,–,–,–,6.00,4.95,–,–,–,–,–,–,–,0.375,0.349,–,–,–,–,–,–,–,–,–,–,14.2,–,42.8,–,445,71.1,55.6,5.53,95.3,35.5,31.8,2.56,–,–,–,260,–,61.6,–,–,–,–,–,–,–,–,–,–,–,–,–,–,–,–,–,–,–,–,–,–,–,–,–,–,–,–,–,–,–,–,HSS406.4X152.4X9.5,HSS406.4X152.4X9.5,78.9,9420,–,–,406,381,–,–,–,152,126,–,–,–,–,–,–,–,9.53,8.86,–,–,–,–,–,–,–,–,–,–,14.2,–,42.8,–,185,1170,911,140,39.7,582,521,65.0,–,–,–,108000,–,1010,–,–,–,–,–,–,–,–,–,–,–,–,–,–,–,–,–,–,–,–,–,–,–,–,–,–,–,–,–,–,–,–
HSS,HSS14X8X.375,HSS14X8X3/8,–,53.00,0.000,14.6,–,–,14.0,13.0,–,–,–,8.00,6.95,–,–,–,–,–,–,–,0.375,0.349,–,–,–,–,–,–,–,–,–,–,19.9,–,37.1,–,382,66.8,54.6,5.12,161,45.5,40.2,3.32,–,–,–,363,–,72.7,–,–,–,–,–,–,–,–,–,–,–,–,–,–,–,–,–,–,–,–,–,–,–,–,–,–,–,–,–,–,–,–,HSS355.6X203.2X9.5,HSS355.6X203.2X9.5,78.9,9420,–,–,356,330,–,–,–,203,177,–,–,–,–,–,–,–,9.53,8.86,–,–,–,–,–,–,–,–,–,–,19.9,–,37.1,–,159,1090,895,130,67.0,746,659,84.3,–,–,–,151000,–,1190,–,–,–,–,–,–,–,–,–,–,–,–,–,–,–,–,–,–,–,–,–,–,–,–,–,–,–,–,–,–,–,–
HSS,HSS12X10X.375,HSS12X10X3/8,–,53.00,0.000,14.6,–,–,12.0,11.0,–,–,–,10.0,8.95,–,–,–,–,–,–,–,0.375,0.349,–,–,–,–,–,–,–,–,–,–,25.7,–,31.4,–,310,61.1,51.6,4.61,234,54.0,46.9,4.01,–,–,–,421,–,78.3,–,–,–,–,–,–,–,–,–,–,–,–,–,–,–,–,–,–,–,–,–,–,–,–,–,–,–,–,–,–,–,–,HSS304.8X254X9.5,HSS304.8X254X9.5,78.8,9420,–,–,305,279,–,–,–,254,227,–,–,–,–,–,–,–,9.53,8.86,–,–,–,–,–,–,–,–,–,–,25.7,–,31.4,–,129,1000,846,117,97.4,885,769,102,–,–,–,175000,–,1280,–,–,–,–,–,–,–,–,–,–,–,–,–,–,–,–,–,–,–,–,–,–,–,–,–,–,–,–,–,–,–,–
HSS,HSS24X8X.250,HSS24X8X1/4,–,53.05,0.050,14.6,–,–,24.0,23.3,–,–,–,8.00,7.30,–,–,–,–,–,–,–,0.250,0.233,–,–,–,–,–,–,–,–,–,–,31.3,–,100,–,1010,107,84.4,8.34,183,49.5,45.8,3.55,–,–,–,508,–,86.0,–,–,–,–,–,–,–,–,–,–,–,–,–,–,–,–,–,–,–,–,–,–,–,–,–,–,–,–,–,–,–,–,HSS609.6X203.2X6.4,HSS609.6X203.2X6.4,78.9,9420,–,–,610,592,–,–,–,203,185,–,–,–,–,–,–,–,6.35,5.92,–,–,–,–,–,–,–,–,–,–,31.3,–,100,–,420,1750,1380,212,76.2,811,751,90.2,–,–,–,211000,–,1410,–,–,–,–,–,–,–,–,–,–,–,–,–,–,–,–,–,–,–,–,–,–,–,–,–,–,–,–,–,–,–,–
HSS,HSS22X10X.250,HSS22X10X1/4,–,53.05,0.000,14.6,–,–,22.0,21.3,–,–,–,10.0,9.30,–,–,–,–,–,–,–,0.250,0.233,–,–,–,–,–,–,–,–,–,–,39.9,–,91.4,–,923,103,83.9,7.96,275,60.0,55,4.34,–,–,–,674,–,99.0,–,–,–,–,–,–,–,–,–,–,–,–,–,–,–,–,–,–,–,–,–,–,–,–,–,–,–,–,–,–,–,–,HSS558.8X254X6.4,HSS558.8X254X6.4,78.9,9420,–,–,559,541,–,–,–,254,236,–,–,–,–,–,–,–,6.35,5.92,–,–,–,–,–,–,–,–,–,–,39.9,–,91.4,–,384,1690,1370,202,114,983,901,110,–,–,–,281000,–,1620,–,–,–,–,–,–,–,–,–,–,–,–,–,–,–,–,–,–,–,–,–,–,–,–,–,–,–,–,–,–,–,–
HSS,HSS20X6X.313,HSS20X6X5/16,–,53.11,0.060,14.6,–,–,20.0,19.1,–,–,–,6.00,5.13,–,–,–,–,–,–,–,0.3125,0.291,–,–,–,–,–,–,–,–,–,–,17.6,–,65.7,–,673,87.1,67.3,6.79,101,36.9,33.6,2.63,–,–,–,293,–,65.4,–,–,–,–,–,–,–,–,–,–,–,–,–,–,–,–,–,–,–,–,–,–,–,–,–,–,–,–,–,–,–,–,HSS508X152.4X7.9,HSS508X152.4X7.9,79.0,9420,–,–,508,485,–,–,–,152,130,–,–,–,–,–,–,–,7.95,7.39,–,–,–,–,–,–,–,–,–,–,17.6,–,65.7,–,280,1430,1100,172,42.0,605,551,66.8,–,–,–,122000,–,1070,–,–,–,–,–,–,–,–,–,–,–,–,–,–,–,–,–,–,–,–,–,–,–,–,–,–,–,–,–,–,–,–
HSS,HSS18X8X.313,HSS18X8X5/16,–,53.11,0.000,14.6,–,–,18.0,17.1,–,–,–,8.00,7.13,–,–,–,–,–,–,–,0.3125,0.291,–,–,–,–,–,–,–,–,–,–,24.5,–,58.9,–,604,83.4,67.1,6.44,172,47.5,43.0,3.44,–,–,–,432,–,79.4,–,–,–,–,–,–,–,–,–,–,–,–,–,–,–,–,–,–,–,–,–,–,–,–,–,–,–,–,–,–,–,–,HSS457.2X203.2X7.9,HSS457.2X203.2X7.9,79.0,9420,–,–,457,434,–,–,–,203,181,–,–,–,–,–,–,–,7.95,7.39,–,–,–,–,–,–,–,–,–,–,24.5,–,58.9,–,251,1370,1100,164,71.6,778,705,87.4,–,–,–,180000,–,1300,–,–,–,–,–,–,–,–,–,–,–,–,–,–,–,–,–,–,–,–,–,–,–,–,–,–,–,–,–,–,–,–
HSS,HSS16X10X.313,HSS16X10X5/16,–,53.11,0.000,14.6,–,–,16.0,15.1,–,–,–,10.0,9.13,–,–,–,–,–,–,–,0.3125,0.291,–,–,–,–,–,–,–,–,–,–,31.4,–,52.0,–,523,78.6,65.4,5.99,255,57.0,50.9,4.18,–,–,–,539,–,88.7,–,–,–,–,–,–,–,–,–,–,–,–,–,–,–,–,–,–,–,–,–,–,–,–,–,–,–,–,–,–,–,–,HSS406.4X254X7.9,HSS406.4X254X7.9,79.0,9420,–,–,406,384,–,–,–,254,232,–,–,–,–,–,–,–,7.95,7.39,–,–,–,–,–,–,–,–,–,–,31.4,–,52.0,–,218,1290,1070,152,106,934,834,106,–,–,–,224000,–,1450,–,–,–,–,–,–,–,–,–,–,–,–,–,–,–,–,–,–,–,–,–,–,–,–,–,–,–,–,–,–,–,–
HSS,HSS14X12X.313,HSS14X12X5/16,–,53.11,0.000,14.6,–,–,14.0,13.1,–,–,–,12.0,11.1,–,–,–,–,–,–,–,0.3125,0.291,–,–,–,–,–,–,–,–,–,–,38.2,–,45.1,–,435,72.6,62.1,5.46,344,65.4,57.3,4.86,–,–,–,598,–,93.3,–,–,–,–,–,–,–,–,–,–,–,–,–,–,–,–,–,–,–,–,–,–,–,–,–,–,–,–,–,–,–,–,HSS355.6X304.8X7.9,HSS355.6X304.8X7.9,79,9420,–,–,356,333,–,–,–,305,282,–,–,–,–,–,–,–,7.95,7.39,–,–,–,–,–,–,–,–,–,–,38.2,–,45.1,–,181,1190,1020,139,143,1070,939,123,–,–,–,249000,–,1530,–,–,–,–,–,–,–,–,–,–,–,–,–,–,–,–,–,–,–,–,–,–,–,–,–,–,–,–,–,–,–,–
HSS,HSS14X4X.500,HSS14X4X1/2,–,55.66,0.870,15.3,–,–,14.0,12.6,–,–,–,4.00,2.60,–,–,–,–,–,–,–,0.500,0.465,–,–,–,–,–,–,–,–,–,–,5.60,–,27.1,–,317,61.0,45.3,4.55,41.2,24.1,20.6,1.64,–,–,–,127,–,44.1,–,–,–,–,–,–,–,–,–,–,–,–,–,–,–,–,–,–,–,–,–,–,–,–,–,–,–,–,–,–,–,–,HSS355.6X101.6X12.7,HSS355.6X101.6X12.7,82.6,9870,–,–,356,320,–,–,–,102,66.0,–,–,–,–,–,–,–,12.7,11.8,–,–,–,–,–,–,–,–,–,–,5.60,–,27.1,–,132,1000,742,116,17.1,395,338,41.7,–,–,–,52900,–,723,–,–,–,–,–,–,–,–,–,–,–,–,–,–,–,–,–,–,–,–,–,–,–,–,–,–,–,–,–,–,–,–
HSS,HSS12X6X.500,HSS12X6X1/2,–,55.66,0.000,15.3,–,–,12.0,10.6,–,–,–,6.00,4.61,–,–,–,–,–,–,–,0.500,0.465,–,–,–,–,–,–,–,–,–,–,9.90,–,22.8,–,271,57.4,45.2,4.21,91.1,35.2,30.4,2.44,–,–,–,227,–,59.0,–,–,–,–,–,–,–,–,–,–,–,–,–,–,–,–,–,–,–,–,–,–,–,–,–,–,–,–,–,–,–,–,HSS304.8X152.4X12.7,HSS304.8X152.4X12.7,82.6,9870,–,–,305,269,–,–,–,152,117,–,–,–,–,–,–,–,12.7,11.8,–,–,–,–,–,–,–,–,–,–,9.90,–,22.8,–,113,941,741,107,37.9,577,498,62.0,–,–,–,94500,–,967,–,–,–,–,–,–,–,–,–,–,–,–,–,–,–,–,–,–,–,–,–,–,–,–,–,–,–,–,–,–,–,–
HSS,HSS10X8X.500,HSS10X8X1/2,–,55.66,0.000,15.3,–,–,10.0,8.60,–,–,–,8.00,6.60,–,–,–,–,–,–,–,0.500,0.465,–,–,–,–,–,–,–,–,–,–,14.2,–,18.5,–,214,51.9,42.7,3.73,151,44.5,37.8,3.14,–,–,–,288,–,66.4,–,–,–,–,–,–,–,–,–,–,–,–,–,–,–,–,–,–,–,–,–,–,–,–,–,–,–,–,–,–,–,–,HSS254X203.2X12.7,HSS254X203.2X12.7,82.6,9870,–,–,254,218,–,–,–,203,168,–,–,–,–,–,–,–,12.7,11.8,–,–,–,–,–,–,–,–,–,–,14.2,–,18.5,–,89.1,850,700,94.7,62.9,729,619,79.8,–,–,–,120000,–,1090,–,–,–,–,–,–,–,–,–,–,–,–,–,–,–,–,–,–,–,–,–,–,–,–,–,–,–,–,–,–,–,–
HSS,HSS20X8X.313,HSS20X8X5/16,–,57.36,1.700,15.7,–,–,20.0,19.1,–,–,–,8.00,7.13,–,–,–,–,–,–,–,0.3125,0.291,–,–,–,–,–,–,–,–,–,–,24.5,–,65.7,–,786,98.6,78.6,7.07,189,52.0,47.4,3.47,–,–,–,496,–,88.3,–,–,–,–,–,–,–,–,–,–,–,–,–,–,–,–,–,–,–,–,–,–,–,–,–,–,–,–,–,–,–,–,HSS508X203.2X7.9,HSS508X203.2X7.9,85.3,10100,–,–,508,485,–,–,–,203,181,–,–,–,–,–,–,–,7.94,7.39,–,–,–,–,–,–,–,–,–,–,24.5,–,65.7,–,327,1620,1290,180,78.7,852,777,88.1,–,–,–,206000,–,1450,–,–,–,–,–,–,–,–,–,–,–,–,–,–,–,–,–,–,–,–,–,–,–,–,–,–,–,–,–,–,–,–
HSS,HSS18X10X.313,HSS18X10X5/16,–,57.36,0.000,15.7,–,–,18.0,17.1,–,–,–,10.0,9.13,–,–,–,–,–,–,–,0.3125,0.291,–,–,–,–,–,–,–,–,–,–,31.4,–,58.9,–,695,93.7,77.2,6.65,282,62.7,56.4,4.23,–,–,–,635,–,100,–,–,–,–,–,–,–,–,–,–,–,–,–,–,–,–,–,–,–,–,–,–,–,–,–,–,–,–,–,–,–,–,HSS457.2X254X7.9,HSS457.2X254X7.9,85.4,10100,–,–,457,434,–,–,–,254,232,–,–,–,–,–,–,–,7.95,7.39,–,–,–,–,–,–,–,–,–,–,31.4,–,58.9,–,289,1540,1270,169,117,1030,924,107,–,–,–,264000,–,1640,–,–,–,–,–,–,–,–,–,–,–,–,–,–,–,–,–,–,–,–,–,–,–,–,–,–,–,–,–,–,–,–
HSS,HSS16X12X.313,HSS16X12X5/16,–,57.36,0.000,15.7,–,–,16.0,15.1,–,–,–,12.0,11.1,–,–,–,–,–,–,–,0.3125,0.291,–,–,–,–,–,–,–,–,–,–,38.2,–,52.0,–,595,87.7,74.4,6.15,384,72.2,64.0,4.94,–,–,–,727,–,107,–,–,–,–,–,–,–,–,–,–,–,–,–,–,–,–,–,–,–,–,–,–,–,–,–,–,–,–,–,–,–,–,HSS406.4X304.8X7.9,HSS406.4X304.8X7.9,85.4,10100,–,–,406,384,–,–,–,305,282,–,–,–,–,–,–,–,7.94,7.39,–,–,–,–,–,–,–,–,–,–,38.2,–,52.0,–,248,1440,1220,156,160,1180,1050,125,–,–,–,303000,–,1750,–,–,–,–,–,–,–,–,–,–,–,–,–,–,–,–,–,–,–,–,–,–,–,–,–,–,–,–,–,–,–,–
HSS,HSS20X4X.375,HSS20X4X3/8,–,58.10,0.740,16.0,–,–,20.0,19.0,–,–,–,4.00,2.95,–,–,–,–,–,–,–,0.375,0.349,–,–,–,–,–,–,–,–,–,–,8.46,–,54.3,–,657,89.3,65.7,6.42,47.6,26.8,23.8,1.73,–,–,–,156,–,49.9,–,–,–,–,–,–,–,–,–,–,–,–,–,–,–,–,–,–,–,–,–,–,–,–,–,–,–,–,–,–,–,–,HSS508X101.6X9.5,HSS508X101.6X9.5,86.4,10300,–,–,508,483,–,–,–,102,74.9,–,–,–,–,–,–,–,9.53,8.86,–,–,–,–,–,–,–,–,–,–,8.46,–,54.3,–,273,1460,1080,163,19.8,439,390,43.9,–,–,–,64900,–,818,–,–,–,–,–,–,–,–,–,–,–,–,–,–,–,–,–,–,–,–,–,–,–,–,–,–,–,–,–,–,–,–
HSS,HSS18X6X.375,HSS18X6X3/8,–,58.10,0.000,16.0,–,–,18.0,17.0,–,–,–,6.00,4.95,–,–,–,–,–,–,–,0.375,0.349,–,–,–,–,–,–,–,–,–,–,14.2,–,48.6,–,602,86.4,66.9,6.15,106,39.5,35.5,2.58,–,–,–,302,–,69.5,–,–,–,–,–,–,–,–,–,–,–,–,–,–,–,–,–,–,–,–,–,–,–,–,–,–,–,–,–,–,–,–,HSS457.2X152.4X9.5,HSS457.2X152.4X9.5,86.4,10300,–,–,457,432,–,–,–,152,126,–,–,–,–,–,–,–,9.53,8.86,–,–,–,–,–,–,–,–,–,–,14.2,–,48.6,–,251,1420,1100,156,44.1,647,582,65.5,–,–,–,126000,–,1140,–,–,–,–,–,–,–,–,–,–,–,–,–,–,–,–,–,–,–,–,–,–,–,–,–,–,–,–,–,–,–,–
HSS,HSS16X8X.375,HSS16X8X3/8,–,58.10,0.000,16.0,–,–,16.0,15.0,–,–,–,8.00,6.95,–,–,–,–,–,–,–,0.375,0.349,–,–,–,–,–,–,–,–,–,–,19.9,–,42.8,–,531,82.1,66.3,5.77,181,50.8,45.3,3.37,–,–,–,436,–,83.4,–,–,–,–,–,–,–,–,–,–,–,–,–,–,–,–,–,–,–,–,–,–,–,–,–,–,–,–,–,–,–,–,HSS406.4X203.2X9.5,HSS406.4X203.2X9.5,86.4,10300,–,–,406,381,–,–,–,203,177,–,–,–,–,–,–,–,9.53,8.86,–,–,–,–,–,–,–,–,–,–,19.9,–,42.8,–,221,1350,1090,147,75.3,832,742,85.6,–,–,–,181000,–,1370,–,–,–,–,–,–,–,–,–,–,–,–,–,–,–,–,–,–,–,–,–,–,–,–,–,–,–,–,–,–,–,–
HSS,HSS14X10X.375,HSS14X10X3/8,–,58.10,0.000,16.0,–,–,14.0,13.0,–,–,–,10.0,8.95,–,–,–,–,–,–,–,0.375,0.349,–,–,–,–,–,–,–,–,–,–,25.7,–,37.1,–,447,76.3,63.9,5.29,267,60.7,53.4,4.09,–,–,–,528,–,91.8,–,–,–,–,–,–,–,–,–,–,–,–,–,–,–,–,–,–,–,–,–,–,–,–,–,–,–,–,–,–,–,–,HSS355.6X254X9.5,HSS355.6X254X9.5,86.4,10300,–,–,356,330,–,–,–,254,227,–,–,–,–,–,–,–,9.53,8.86,–,–,–,–,–,–,–,–,–,–,25.7,–,37.1,–,186,1250,1050,134,111,995,875,104,–,–,–,220000,–,1500,–,–,–,–,–,–,–,–,–,–,–,–,–,–,–,–,–,–,–,–,–,–,–,–,–,–,–,–,–,–,–,–
HSS,HSS12X4X.625,HSS12X4X5/8,–,59.32,0.230,16.4,–,–,12.0,10.3,–,–,–,4.00,2.26,–,–,–,–,–,–,–,0.625,0.581,–,–,–,–,–,–,–,–,–,–,3.88,–,17.7,–,245,55.5,40.8,3.87,40.4,24.5,20.2,1.57,–,–,–,122,–,44.6,–,–,–,–,–,–,–,–,–,–,–,–,–,–,–,–,–,–,–,–,–,–,–,–,–,–,–,–,–,–,–,–,HSS304.8X101.6X15.9,HSS304.8X101.6X15.9,88.0,10600,–,–,305,262,–,–,–,102,57.4,–,–,–,–,–,–,–,15.9,14.8,–,–,–,–,–,–,–,–,–,–,3.88,–,17.7,–,102,909,669,98.3,16.8,401,331,39.9,–,–,–,50800,–,731,–,–,–,–,–,–,–,–,–,–,–,–,–,–,–,–,–,–,–,–,–,–,–,–,–,–,–,–,–,–,–,–
HSS,HSS10X6X.625,HSS10X6X5/8,–,59.32,0.000,16.4,–,–,10.0,8.26,–,–,–,6.00,4.26,–,–,–,–,–,–,–,0.625,0.581,–,–,–,–,–,–,–,–,–,–,7.33,–,14.2,–,201,51.3,40.2,3.50,89.4,35.8,29.8,2.34,–,–,–,209,–,58.6,–,–,–,–,–,–,–,–,–,–,–,–,–,–,–,–,–,–,–,–,–,–,–,–,–,–,–,–,–,–,–,–,HSS254X152.4X15.9,HSS254X152.4X15.9,88.0,10600,–,–,254,210,–,–,–,152,108,–,–,–,–,–,–,–,15.9,14.8,–,–,–,–,–,–,–,–,–,–,7.33,–,14.2,–,83.7,841,659,88.9,37.2,587,488,59.4,–,–,–,87000,–,960,–,–,–,–,–,–,–,–,–,–,–,–,–,–,–,–,–,–,–,–,–,–,–,–,–,–,–,–,–,–,–,–
HSS,HSS9X7X.625,HSS9X7X5/8,–,59.32,0.000,16.4,–,–,9.00,7.26,–,–,–,7.00,5.26,–,–,–,–,–,–,–,0.625,0.581,–,–,–,–,–,–,–,–,–,–,9.05,–,12.5,–,174,48.3,38.7,3.26,117,40.5,33.5,2.68,–,–,–,235,–,62.0,–,–,–,–,–,–,–,–,–,–,–,–,–,–,–,–,–,–,–,–,–,–,–,–,–,–,–,–,–,–,–,–,HSS228.6X177.8X15.9,HSS228.6X177.8X15.9,88.0,10600,–,–,229,184,–,–,–,178,134,–,–,–,–,–,–,–,15.9,14.8,–,–,–,–,–,–,–,–,–,–,9.05,–,12.5,–,72.4,791,634,82.8,48.7,664,549,68.1,–,–,–,97800,–,1020,–,–,–,–,–,–,–,–,–,–,–,–,–,–,–,–,–,–,–,–,–,–,–,–,–,–,–,–,–,–,–,–
HSS,HSS24X12X.250,HSS24X12X1/4,–,59.85,0.530,16.4,–,–,24.0,23.3,–,–,–,12.0,11.3,–,–,–,–,–,–,–,0.250,0.233,–,–,–,–,–,–,–,–,–,–,48.5,–,100,–,1280,129,106,8.82,442,80.5,73.6,5.19,–,–,–,1030,–,130,–,–,–,–,–,–,–,–,–,–,–,–,–,–,–,–,–,–,–,–,–,–,–,–,–,–,–,–,–,–,–,–,HSS609.6X304.8X6.4,HSS609.6X304.8X6.4,89.1,10600,–,–,610,592,–,–,–,305,287,–,–,–,–,–,–,–,6.35,5.92,–,–,–,–,–,–,–,–,–,–,48.5,–,100,–,533,2110,1740,224,184,1320,1210,132,–,–,–,429000,–,2130,–,–,–,–,–,–,–,–,–,–,–,–,–,–,–,–,–,–,–,–,–,–,–,–,–,–,–,–,–,–,–,–
HSS,HSS22X14X.250,HSS22X14X1/4,–,59.85,0.000,16.4,–,–,22.0,21.3,–,–,–,14.0,13.3,–,–,–,–,–,–,–,0.250,0.233,–,–,–,–,–,–,–,–,–,–,57.1,–,91.4,–,1140,123,104,8.35,575,90.9,82.2,5.92,–,–,–,1190,–,140,–,–,–,–,–,–,–,–,–,–,–,–,–,–,–,–,–,–,–,–,–,–,–,–,–,–,–,–,–,–,–,–,HSS558.8X355.6X6.4,HSS558.8X355.6X6.4,89.1,10600,–,–,559,541,–,–,–,356,338,–,–,–,–,–,–,–,6.35,5.92,–,–,–,–,–,–,–,–,–,–,57.1,–,91.4,–,475,2020,1700,212,239,1490,1350,150,–,–,–,495000,–,2290,–,–,–,–,–,–,–,–,–,–,–,–,–,–,–,–,–,–,–,–,–,–,–,–,–,–,–,–,–,–,–,–
HSS,HSS20X16X.250,HSS20X16X1/4,–,59.85,0.000,16.4,–,–,20.0,19.3,–,–,–,16.0,15.3,–,–,–,–,–,–,–,0.250,0.233,–,–,–,–,–,–,–,–,–,–,65.7,–,82.8,–,1000,117,100,7.82,716,100,89.5,6.60,–,–,–,1280,–,145,–,–,–,–,–,–,–,–,–,–,–,–,–,–,–,–,–,–,–,–,–,–,–,–,–,–,–,–,–,–,–,–,HSS508X406.4X6.4,HSS508X406.4X6.4,89.1,10600,–,–,508,490,–,–,–,406,389,–,–,–,–,–,–,–,6.35,5.92,–,–,–,–,–,–,–,–,–,–,65.7,–,82.8,–,416,1920,1640,199,298,1640,1470,168,–,–,–,533000,–,2380,–,–,–,–,–,–,–,–,–,–,–,–,–,–,–,–,–,–,–,–,–,–,–,–,–,–,–,–,–,–,–,–
HSS,HSS16X4X.500,HSS16X4X1/2,–,62.46,0.990,17.2,–,–,16.0,14.6,–,–,–,4.00,2.60,–,–,–,–,–,–,–,0.500,0.465,–,–,–,–,–,–,–,–,–,–,5.60,–,31.4,–,455,77.3,56.9,5.15,47.0,27.4,23.5,1.65,–,–,–,150,–,50.7,–,–,–,–,–,–,–,–,–,–,–,–,–,–,–,–,–,–,–,–,–,–,–,–,–,–,–,–,–,–,–,–,HSS406.4X101.6X12.7,HSS406.4X101.6X12.7,92.7,11100,–,–,406,371,–,–,–,102,66.0,–,–,–,–,–,–,–,12.7,11.8,–,–,–,–,–,–,–,–,–,–,5.60,–,31.4,–,189,1270,932,131,19.6,449,385,41.9,–,–,–,62400,–,831,–,–,–,–,–,–,–,–,–,–,–,–,–,–,–,–,–,–,–,–,–,–,–,–,–,–,–,–,–,–,–,–
HSS,HSS14X6X.500,HSS14X6X1/2,–,62.46,0.000,17.2,–,–,14.0,12.6,–,–,–,6.00,4.61,–,–,–,–,–,–,–,0.500,0.465,–,–,–,–,–,–,–,–,–,–,9.90,–,27.1,–,402,73.6,57.4,4.84,105,40.4,35.1,2.48,–,–,–,279,–,69.3,–,–,–,–,–,–,–,–,–,–,–,–,–,–,–,–,–,–,–,–,–,–,–,–,–,–,–,–,–,–,–,–,HSS355.6X152.4X12.7,HSS355.6X152.4X12.7,92.7,11100,–,–,356,320,–,–,–,152,117,–,–,–,–,–,–,–,12.7,11.8,–,–,–,–,–,–,–,–,–,–,9.90,–,27.1,–,167,1210,941,123,43.7,662,575,63.0,–,–,–,116000,–,1140,–,–,–,–,–,–,–,–,–,–,–,–,–,–,–,–,–,–,–,–,–,–,–,–,–,–,–,–,–,–,–,–
HSS,HSS12X8X.500,HSS12X8X1/2,–,62.46,0.000,17.2,–,–,12.0,10.6,–,–,–,8.00,6.60,–,–,–,–,–,–,–,0.500,0.465,–,–,–,–,–,–,–,–,–,–,14.2,–,22.8,–,333,68.1,55.6,4.41,178,51.5,44.4,3.21,–,–,–,377,–,80.4,–,–,–,–,–,–,–,–,–,–,–,–,–,–,–,–,–,–,–,–,–,–,–,–,–,–,–,–,–,–,–,–,HSS304.8X203.2X12.7,HSS304.8X203.2X12.7,92.7,11100,–,–,305,269,–,–,–,203,168,–,–,–,–,–,–,–,12.7,11.8,–,–,–,–,–,–,–,–,–,–,14.2,–,22.8,–,139,1120,911,112,74.1,844,728,81.5,–,–,–,157000,–,1320,–,–,–,–,–,–,–,–,–,–,–,–,–,–,–,–,–,–,–,–,–,–,–,–,–,–,–,–,–,–,–,–
HSS,HSS20X6X.375,HSS20X6X3/8,–,63.21,0.570,17.3,–,–,20.0,19.0,–,–,–,6.00,4.95,–,–,–,–,–,–,–,0.375,0.349,–,–,–,–,–,–,–,–,–,–,14.2,–,54.3,–,792,103,79.2,6.76,118,43.4,39.2,2.60,–,–,–,345,–,77.3,–,–,–,–,–,–,–,–,–,–,–,–,–,–,–,–,–,–,–,–,–,–,–,–,–,–,–,–,–,–,–,–,HSS508X152.4X9.5,HSS508X152.4X9.5,94.1,11200,–,–,508,483,–,–,–,152,126,–,–,–,–,–,–,–,9.53,8.86,–,–,–,–,–,–,–,–,–,–,14.2,–,54.3,–,330,1690,1300,172,49.1,711,642,66.0,–,–,–,144000,–,1270,–,–,–,–,–,–,–,–,–,–,–,–,–,–,–,–,–,–,–,–,–,–,–,–,–,–,–,–,–,–,–,–
HSS,HSS18X8X.375,HSS18X8X3/8,–,63.21,0.000,17.3,–,–,18.0,17.0,–,–,–,8.00,6.95,–,–,–,–,–,–,–,0.375,0.349,–,–,–,–,–,–,–,–,–,–,19.9,–,48.6,–,711,98.7,79.0,6.40,202,56.1,50.5,3.41,–,–,–,510,–,94.1,–,–,–,–,–,–,–,–,–,–,–,–,–,–,–,–,–,–,–,–,–,–,–,–,–,–,–,–,–,–,–,–,HSS457.2X203.2X9.5,HSS457.2X203.2X9.5,94.1,11200,–,–,457,432,–,–,–,203,177,–,–,–,–,–,–,–,9.53,8.86,–,–,–,–,–,–,–,–,–,–,19.9,–,48.6,–,296,1620,1290,163,84.1,919,828,86.6,–,–,–,212000,–,1540,–,–,–,–,–,–,–,–,–,–,–,–,–,–,–,–,–,–,–,–,–,–,–,–,–,–,–,–,–,–,–,–
HSS,HSS16X10X.375,HSS16X10X3/8,–,63.21,0.000,17.3,–,–,16.0,15.0,–,–,–,10.0,8.95,–,–,–,–,–,–,–,0.375,0.349,–,–,–,–,–,–,–,–,–,–,25.7,–,42.8,–,616,93.0,77.0,5.96,299,67.4,59.9,4.15,–,–,–,639,–,105,–,–,–,–,–,–,–,–,–,–,–,–,–,–,–,–,–,–,–,–,–,–,–,–,–,–,–,–,–,–,–,–,HSS406.4X254X9.5,HSS406.4X254X9.5,94.1,11200,–,–,406,381,–,–,–,254,227,–,–,–,–,–,–,–,9.53,8.86,–,–,–,–,–,–,–,–,–,–,25.7,–,42.8,–,256,1520,1260,151,124,1100,982,105,–,–,–,266000,–,1720,–,–,–,–,–,–,–,–,–,–,–,–,–,–,–,–,–,–,–,–,–,–,–,–,–,–,–,–,–,–,–,–
HSS,HSS14X12X.375,HSS14X12X3/8,–,63.21,0.000,17.3,–,–,14.0,13.0,–,–,–,12.0,11.0,–,–,–,–,–,–,–,0.375,0.349,–,–,–,–,–,–,–,–,–,–,31.4,–,37.1,–,512,85.9,73.2,5.43,405,77.4,67.4,4.83,–,–,–,708,–,111,–,–,–,–,–,–,–,–,–,–,–,–,–,–,–,–,–,–,–,–,–,–,–,–,–,–,–,–,–,–,–,–,HSS355.6X304.8X9.5,HSS355.6X304.8X9.5,94.1,11200,–,–,356,330,–,–,–,305,279,–,–,–,–,–,–,–,9.53,8.86,–,–,–,–,–,–,–,–,–,–,31.4,–,37.1,–,213,1410,1200,138,169,1270,1100,123,–,–,–,295000,–,1820,–,–,–,–,–,–,–,–,–,–,–,–,–,–,–,–,–,–,–,–,–,–,–,–,–,–,–,–,–,–,–,–
HSS,HSS24X14X.250,HSS24X14X1/4,–,63.25,0.040,17.4,–,–,24.0,23.3,–,–,–,14.0,13.3,–,–,–,–,–,–,–,0.25,0.233,–,–,–,–,–,–,–,–,–,–,57.1,–,100,–,1410,140,117,9.01,619,97.4,88.5,5.98,–,–,–,1340,–,152,–,–,–,–,–,–,–,–,–,–,–,–,–,–,–,–,–,–,–,–,–,–,–,–,–,–,–,–,–,–,–,–,HSS609.6X355.6X6.4,HSS609.6X355.6X6.4,94.1,11200,–,–,610,592,–,–,–,356,338,–,–,–,–,–,–,–,6.35,5.92,–,–,–,–,–,–,–,–,–,–,57.1,–,100,–,587,2290,1920,229,258,1600,1450,152,–,–,–,558000,–,2490,–,–,–,–,–,–,–,–,–,–,–,–,–,–,–,–,–,–,–,–,–,–,–,–,–,–,–,–,–,–,–,–
HSS,HSS22X16X.250,HSS22X16X1/4,–,63.25,0.000,17.4,–,–,22.0,21.3,–,–,–,16.0,15.3,–,–,–,–,–,–,–,0.250,0.233,–,–,–,–,–,–,–,–,–,–,65.7,–,91.4,–,1250,134,114,8.50,774,108,96.7,6.68,–,–,–,1470,–,160,–,–,–,–,–,–,–,–,–,–,–,–,–,–,–,–,–,–,–,–,–,–,–,–,–,–,–,–,–,–,–,–,HSS558.8X406.4X6.4,HSS558.8X406.4X6.4,94.1,11200,–,–,559,541,–,–,–,406,389,–,–,–,–,–,–,–,6.35,5.92,–,–,–,–,–,–,–,–,–,–,65.7,–,91.4,–,520,2200,1870,216,322,1770,1580,170,–,–,–,612000,–,2620,–,–,–,–,–,–,–,–,–,–,–,–,–,–,–,–,–,–,–,–,–,–,–,–,–,–,–,–,–,–,–,–
HSS,HSS24X8X.313,HSS24X8X5/16,–,65.87,0.100,18.1,–,–,24.0,23.1,–,–,–,8.00,7.13,–,–,–,–,–,–,–,0.3125,0.291,–,–,–,–,–,–,–,–,–,–,24.5,–,79.5,–,1250,132,104,8.30,224,61.0,56.0,3.52,–,–,–,625,–,106,–,–,–,–,–,–,–,–,–,–,–,–,–,–,–,–,–,–,–,–,–,–,–,–,–,–,–,–,–,–,–,–,HSS609.6X203.2X7.9,HSS609.6X203.2X7.9,98.0,11700,–,–,610,587,–,–,–,203,181,–,–,–,–,–,–,–,7.95,7.39,–,–,–,–,–,–,–,–,–,–,24.5,–,79.5,–,520,2160,1700,211,93.2,1000,918,89.4,–,–,–,260000,–,1740,–,–,–,–,–,–,–,–,–,–,–,–,–,–,–,–,–,–,–,–,–,–,–,–,–,–,–,–,–,–,–,–
HSS,HSS22X10X.313,HSS22X10X5/16,–,65.87,0.000,18.1,–,–,22.0,21.1,–,–,–,10.0,9.13,–,–,–,–,–,–,–,0.3125,0.291,–,–,–,–,–,–,–,–,–,–,31.4,–,72.6,–,1140,128,103,7.93,337,74.0,67.4,4.32,–,–,–,832,–,123,–,–,–,–,–,–,–,–,–,–,–,–,–,–,–,–,–,–,–,–,–,–,–,–,–,–,–,–,–,–,–,–,HSS558.8X254X7.9,HSS558.8X254X7.9,98.0,11700,–,–,559,536,–,–,–,254,232,–,–,–,–,–,–,–,7.95,7.39,–,–,–,–,–,–,–,–,–,–,31.4,–,72.6,–,475,2100,1690,201,140,1210,1100,110,–,–,–,346000,–,2020,–,–,–,–,–,–,–,–,–,–,–,–,–,–,–,–,–,–,–,–,–,–,–,–,–,–,–,–,–,–,–,–
HSS,HSS20X12X.313,HSS20X12X5/16,–,65.87,0.000,18.1,–,–,20.0,19.1,–,–,–,12.0,11.1,–,–,–,–,–,–,–,0.3125,0.291,–,–,–,–,–,–,–,–,–,–,38.2,–,65.7,–,1010,122,101,7.48,464,85.8,77.3,5.07,–,–,–,997,–,134,–,–,–,–,–,–,–,–,–,–,–,–,–,–,–,–,–,–,–,–,–,–,–,–,–,–,–,–,–,–,–,–,HSS508X304.8X7.9,HSS508X304.8X7.9,97.9,11700,–,–,508,485,–,–,–,305,282,–,–,–,–,–,–,–,7.94,7.39,–,–,–,–,–,–,–,–,–,–,38.2,–,65.7,–,420,2000,1660,190,193,1410,1270,129,–,–,–,415000,–,2200,–,–,–,–,–,–,–,–,–,–,–,–,–,–,–,–,–,–,–,–,–,–,–,–,–,–,–,–,–,–,–,–
HSS,HSS14X4X.625,HSS14X4X5/8,–,67.82,0.170,18.7,–,–,14.0,12.3,–,–,–,4.00,2.26,–,–,–,–,–,–,–,0.625,0.581,–,–,–,–,–,–,–,–,–,–,3.88,–,21.1,–,373,73.1,53.3,4.47,47.2,28.5,23.6,1.59,–,–,–,148,–,52.6,–,–,–,–,–,–,–,–,–,–,–,–,–,–,–,–,–,–,–,–,–,–,–,–,–,–,–,–,–,–,–,–,HSS355.6X101.6X15.9,HSS355.6X101.6X15.9,101,12100,–,–,356,312,–,–,–,102,57.4,–,–,–,–,–,–,–,15.9,14.8,–,–,–,–,–,–,–,–,–,–,3.88,–,21.1,–,155,1200,873,114,19.6,467,387,40.4,–,–,–,61600,–,862,–,–,–,–,–,–,–,–,–,–,–,–,–,–,–,–,–,–,–,–,–,–,–,–,–,–,–,–,–,–,–,–
HSS,HSS12X6X.625,HSS12X6X5/8,–,67.82,0.000,18.7,–,–,12.0,10.3,–,–,–,6.00,4.26,–,–,–,–,–,–,–,0.625,0.581,–,–,–,–,–,–,–,–,–,–,7.33,–,17.7,–,321,68.8,53.4,4.14,107,42.1,35.5,2.39,–,–,–,271,–,71.1,–,–,–,–,–,–,–,–,–,–,–,–,–,–,–,–,–,–,–,–,–,–,–,–,–,–,–,–,–,–,–,–,HSS304.8X152.4X15.9,HSS304.8X152.4X15.9,101,12100,–,–,305,262,–,–,–,152,108,–,–,–,–,–,–,–,15.9,14.8,–,–,–,–,–,–,–,–,–,–,7.33,–,17.7,–,134,1130,875,105,44.5,690,582,60.7,–,–,–,113000,–,1170,–,–,–,–,–,–,–,–,–,–,–,–,–,–,–,–,–,–,–,–,–,–,–,–,–,–,–,–,–,–,–,–
HSS,HSS10X8X.625,HSS10X8X5/8,–,67.82,0.000,18.7,–,–,10.0,8.26,–,–,–,8.00,6.26,–,–,–,–,–,–,–,0.625,0.581,–,–,–,–,–,–,–,–,–,–,10.8,–,14.2,–,253,62.2,50.5,3.68,178,53.3,44.5,3.09,–,–,–,346,–,80.4,–,–,–,–,–,–,–,–,–,–,–,–,–,–,–,–,–,–,–,–,–,–,–,–,–,–,–,–,–,–,–,–,HSS254X203.2X15.9,HSS254X203.2X15.9,101,12100,–,–,254,210,–,–,–,203,159,–,–,–,–,–,–,–,15.9,14.8,–,–,–,–,–,–,–,–,–,–,10.8,–,14.2,–,105,1020,828,93.5,74.1,873,729,78.5,–,–,–,144000,–,1320,–,–,–,–,–,–,–,–,–,–,–,–,–,–,–,–,–,–,–,–,–,–,–,–,–,–,–,–,–,–,–,–
HSS,HSS20X8X.375,HSS20X8X3/8,–,68.31,0.490,18.7,–,–,20.0,19.0,–,–,–,8.00,6.95,–,–,–,–,–,–,–,0.375,0.349,–,–,–,–,–,–,–,–,–,–,19.9,–,54.3,–,926,117,92.6,7.03,222,61.5,55.6,3.44,–,–,–,586,–,105,–,–,–,–,–,–,–,–,–,–,–,–,–,–,–,–,–,–,–,–,–,–,–,–,–,–,–,–,–,–,–,–,HSS508X203.2X9.5,HSS508X203.2X9.5,102,12100,–,–,508,483,–,–,–,203,177,–,–,–,–,–,–,–,9.53,8.86,–,–,–,–,–,–,–,–,–,–,19.9,–,54.3,–,385,1920,1520,179,92.4,1010,911,87.4,–,–,–,244000,–,1720,–,–,–,–,–,–,–,–,–,–,–,–,–,–,–,–,–,–,–,–,–,–,–,–,–,–,–,–,–,–,–,–
HSS,HSS18X10X.375,HSS18X10X3/8,–,68.31,0.000,18.7,–,–,18.0,17.0,–,–,–,10.0,8.95,–,–,–,–,–,–,–,0.375,0.349,–,–,–,–,–,–,–,–,–,–,25.7,–,48.6,–,820,111,91.1,6.61,332,74.2,66.4,4.21,–,–,–,752,–,119,–,–,–,–,–,–,–,–,–,–,–,–,–,–,–,–,–,–,–,–,–,–,–,–,–,–,–,–,–,–,–,–,HSS457.2X254X9.5,HSS457.2X254X9.5,102,12100,–,–,457,432,–,–,–,254,227,–,–,–,–,–,–,–,9.53,8.86,–,–,–,–,–,–,–,–,–,–,25.7,–,48.6,–,341,1820,1490,168,138,1220,1090,107,–,–,–,313000,–,1950,–,–,–,–,–,–,–,–,–,–,–,–,–,–,–,–,–,–,–,–,–,–,–,–,–,–,–,–,–,–,–,–
HSS,HSS16X12X.375,HSS16X12X3/8,–,68.31,0.000,18.7,–,–,16.0,15.0,–,–,–,12.0,11.0,–,–,–,–,–,–,–,0.375,0.349,–,–,–,–,–,–,–,–,–,–,31.4,–,42.8,–,702,104,87.7,6.12,452,85.5,75.3,4.91,–,–,–,862,–,127,–,–,–,–,–,–,–,–,–,–,–,–,–,–,–,–,–,–,–,–,–,–,–,–,–,–,–,–,–,–,–,–,HSS406.4X304.8X9.5,HSS406.4X304.8X9.5,102,12100,–,–,406,381,–,–,–,305,279,–,–,–,–,–,–,–,9.53,8.86,–,–,–,–,–,–,–,–,–,–,31.4,–,42.8,–,292,1700,1440,155,188,1400,1230,125,–,–,–,359000,–,2080,–,–,–,–,–,–,–,–,–,–,–,–,–,–,–,–,–,–,–,–,–,–,–,–,–,–,–,–,–,–,–,–
HSS,HSS16X6X.500,HSS16X6X1/2,–,69.27,0.450,19.0,–,–,16.0,14.6,–,–,–,6.00,4.61,–,–,–,–,–,–,–,0.500,0.465,–,–,–,–,–,–,–,–,–,–,9.90,–,31.4,–,567,91.7,70.9,5.46,120,45.5,39.9,2.51,–,–,–,333,–,79.6,–,–,–,–,–,–,–,–,–,–,–,–,–,–,–,–,–,–,–,–,–,–,–,–,–,–,–,–,–,–,–,–,HSS406.4X152.4X12.7,HSS406.4X152.4X12.7,103,12300,–,–,406,371,–,–,–,152,117,–,–,–,–,–,–,–,12.7,11.8,–,–,–,–,–,–,–,–,–,–,9.90,–,31.4,–,236,1500,1160,139,49.9,746,654,63.8,–,–,–,139000,–,1300,–,–,–,–,–,–,–,–,–,–,–,–,–,–,–,–,–,–,–,–,–,–,–,–,–,–,–,–,–,–,–,–
HSS,HSS14X8X.500,HSS14X8X1/2,–,69.27,0.000,19.0,–,–,14.0,12.6,–,–,–,8.00,6.61,–,–,–,–,–,–,–,0.500,0.465,–,–,–,–,–,–,–,–,–,–,14.2,–,27.1,–,487,86.2,69.6,5.06,204,58.5,51.0,3.27,–,–,–,469,–,94.5,–,–,–,–,–,–,–,–,–,–,–,–,–,–,–,–,–,–,–,–,–,–,–,–,–,–,–,–,–,–,–,–,HSS355.6X203.2X12.7,HSS355.6X203.2X12.7,103,12300,–,–,356,320,–,–,–,203,168,–,–,–,–,–,–,–,12.7,11.8,–,–,–,–,–,–,–,–,–,–,14.2,–,27.1,–,203,1410,1140,129,84.9,959,836,83.1,–,–,–,195000,–,1550,–,–,–,–,–,–,–,–,–,–,–,–,–,–,–,–,–,–,–,–,–,–,–,–,–,–,–,–,–,–,–,–
HSS,HSS12X10X.500,HSS12X10X1/2,–,69.27,0.000,19.0,–,–,12.0,10.6,–,–,–,10.0,8.60,–,–,–,–,–,–,–,0.500,0.465,–,–,–,–,–,–,–,–,–,–,18.5,–,22.8,–,395,78.8,65.9,4.56,298,69.6,59.7,3.96,–,–,–,545,–,102,–,–,–,–,–,–,–,–,–,–,–,–,–,–,–,–,–,–,–,–,–,–,–,–,–,–,–,–,–,–,–,–,HSS304.8X254X12.7,HSS304.8X254X12.7,103,12300,–,–,305,269,–,–,–,254,218,–,–,–,–,–,–,–,12.7,11.8,–,–,–,–,–,–,–,–,–,–,18.5,–,22.8,–,164,1290,1080,116,124,1140,978,101,–,–,–,227000,–,1670,–,–,–,–,–,–,–,–,–,–,–,–,–,–,–,–,–,–,–,–,–,–,–,–,–,–,–,–,–,–,–,–
HSS,HSS24X12X.313,HSS24X12X5/16,–,74.38,0.050,20.4,–,–,24.0,23.1,–,–,–,12.0,11.1,–,–,–,–,–,–,–,0.3125,0.291,–,–,–,–,–,–,–,–,–,–,38.2,–,79.5,–,1570,160,131,8.78,543,99.4,90.6,5.16,–,–,–,1280,–,161,–,–,–,–,–,–,–,–,–,–,–,–,–,–,–,–,–,–,–,–,–,–,–,–,–,–,–,–,–,–,–,–,HSS609.6X304.8X7.9,HSS609.6X304.8X7.9,111,13200,–,–,610,587,–,–,–,305,282,–,–,–,–,–,–,–,7.95,7.39,–,–,–,–,–,–,–,–,–,–,38.2,–,79.5,–,653,2620,2150,223,226,1630,1480,131,–,–,–,533000,–,2640,–,–,–,–,–,–,–,–,–,–,–,–,–,–,–,–,–,–,–,–,–,–,–,–,–,–,–,–,–,–,–,–
HSS,HSS22X14X.313,HSS22X14X5/16,–,74.38,0.000,20.4,–,–,22.0,21.1,–,–,–,14.0,13.1,–,–,–,–,–,–,–,0.3125,0.291,–,–,–,–,–,–,–,–,–,–,45.1,–,72.6,–,1410,153,128,8.32,708,112,101,5.89,–,–,–,1470,–,173,–,–,–,–,–,–,–,–,–,–,–,–,–,–,–,–,–,–,–,–,–,–,–,–,–,–,–,–,–,–,–,–,HSS558.8X355.6X7.9,HSS558.8X355.6X7.9,111,13200,–,–,559,536,–,–,–,356,333,–,–,–,–,–,–,–,7.95,7.39,–,–,–,–,–,–,–,–,–,–,45.1,–,72.6,–,587,2510,2100,211,295,1840,1660,150,–,–,–,612000,–,2830,–,–,–,–,–,–,–,–,–,–,–,–,–,–,–,–,–,–,–,–,–,–,–,–,–,–,–,–,–,–,–,–
HSS,HSS20X16X.313,HSS20X16X5/16,–,74.38,0.000,20.4,–,–,20.0,19.1,–,–,–,16.0,15.1,–,–,–,–,–,–,–,0.3125,0.291,–,–,–,–,–,–,–,–,–,–,52.0,–,65.7,–,1240,144,124,7.79,882,124,110,6.58,–,–,–,1590,–,180,–,–,–,–,–,–,–,–,–,–,–,–,–,–,–,–,–,–,–,–,–,–,–,–,–,–,–,–,–,–,–,–,HSS508X406.4X7.9,HSS508X406.4X7.9,111,13200,–,–,508,485,–,–,–,406,384,–,–,–,–,–,–,–,7.95,7.39,–,–,–,–,–,–,–,–,–,–,52.0,–,65.7,–,516,2360,2030,198,367,2030,1800,167,–,–,–,662000,–,2950,–,–,–,–,–,–,–,–,–,–,–,–,–,–,–,–,–,–,–,–,–,–,–,–,–,–,–,–,–,–,–,–
HSS,HSS20X4X.500,HSS20X4X1/2,–,76.07,0.070,20.9,–,–,20.0,18.6,–,–,–,4.00,2.60,–,–,–,–,–,–,–,0.500,0.465,–,–,–,–,–,–,–,–,–,–,5.60,–,40.0,–,838,115,83.8,6.33,58.7,34.0,29.3,1.68,–,–,–,195,–,63.8,–,–,–,–,–,–,–,–,–,–,–,–,–,–,–,–,–,–,–,–,–,–,–,–,–,–,–,–,–,–,–,–,HSS508X101.6X12.7,HSS508X101.6X12.7,113,13500,–,–,508,472,–,–,–,102,66.0,–,–,–,–,–,–,–,12.7,11.8,–,–,–,–,–,–,–,–,–,–,5.60,–,40.0,–,349,1880,1370,161,24.4,557,480,42.7,–,–,–,81200,–,1050,–,–,–,–,–,–,–,–,–,–,–,–,–,–,–,–,–,–,–,–,–,–,–,–,–,–,–,–,–,–,–,–
HSS,HSS18X6X.500,HSS18X6X1/2,–,76.07,0.000,20.9,–,–,18.0,16.6,–,–,–,6.00,4.61,–,–,–,–,–,–,–,0.500,0.465,–,–,–,–,–,–,–,–,–,–,9.90,–,35.7,–,770,112,85.6,6.07,134,50.7,44.6,2.53,–,–,–,387,–,89.9,–,–,–,–,–,–,–,–,–,–,–,–,–,–,–,–,–,–,–,–,–,–,–,–,–,–,–,–,–,–,–,–,HSS457.2X152.4X12.7,HSS457.2X152.4X12.7,113,13500,–,–,457,422,–,–,–,152,117,–,–,–,–,–,–,–,12.7,11.8,–,–,–,–,–,–,–,–,–,–,9.90,–,35.7,–,320,1840,1400,154,55.8,831,731,64.3,–,–,–,161000,–,1470,–,–,–,–,–,–,–,–,–,–,–,–,–,–,–,–,–,–,–,–,–,–,–,–,–,–,–,–,–,–,–,–
HSS,HSS16X8X.500,HSS16X8X1/2,–,76.07,0.000,20.9,–,–,16.0,14.6,–,–,–,8.00,6.60,–,–,–,–,–,–,–,0.500,0.465,–,–,–,–,–,–,–,–,–,–,14.2,–,31.4,–,679,106,84.9,5.70,230,65.5,57.6,3.32,–,–,–,563,–,108,–,–,–,–,–,–,–,–,–,–,–,–,–,–,–,–,–,–,–,–,–,–,–,–,–,–,–,–,–,–,–,–,HSS406.4X203.2X12.7,HSS406.4X203.2X12.7,113,13500,–,–,406,371,–,–,–,203,168,–,–,–,–,–,–,–,12.7,11.8,–,–,–,–,–,–,–,–,–,–,14.2,–,31.4,–,283,1740,1390,145,95.7,1070,944,84.3,–,–,–,234000,–,1770,–,–,–,–,–,–,–,–,–,–,–,–,–,–,–,–,–,–,–,–,–,–,–,–,–,–,–,–,–,–,–,–
HSS,HSS14X10X.500,HSS14X10X1/2,–,76.07,0.000,20.9,–,–,14.0,12.6,–,–,–,10.0,8.60,–,–,–,–,–,–,–,0.500,0.465,–,–,–,–,–,–,–,–,–,–,18.5,–,27.1,–,573,98.8,81.8,5.23,341,78.5,68.1,4.04,–,–,–,685,–,120,–,–,–,–,–,–,–,–,–,–,–,–,–,–,–,–,–,–,–,–,–,–,–,–,–,–,–,–,–,–,–,–,HSS355.6X254X12.7,HSS355.6X254X12.7,113,13500,–,–,356,320,–,–,–,254,218,–,–,–,–,–,–,–,12.7,11.8,–,–,–,–,–,–,–,–,–,–,18.5,–,27.1,–,239,1620,1340,133,142,1290,1120,103,–,–,–,285000,–,1970,–,–,–,–,–,–,–,–,–,–,–,–,–,–,–,–,–,–,–,–,–,–,–,–,–,–,–,–,–,–,–,–
HSS,HSS16X4X.625,HSS16X4X5/8,–,76.33,0.260,21.0,–,–,16.0,14.3,–,–,–,4.00,2.26,–,–,–,–,–,–,–,0.625,0.581,–,–,–,–,–,–,–,–,–,–,3.88,–,24.5,–,539,92.9,67.3,5.06,54.1,32.5,27.0,1.60,–,–,–,174,–,60.5,–,–,–,–,–,–,–,–,–,–,–,–,–,–,–,–,–,–,–,–,–,–,–,–,–,–,–,–,–,–,–,–,HSS406.4X101.6X15.9,HSS406.4X101.6X15.9,113,13500,–,–,406,363,–,–,–,102,57.4,–,–,–,–,–,–,–,15.9,14.8,–,–,–,–,–,–,–,–,–,–,3.88,–,24.5,–,224,1520,1100,129,22.5,533,442,40.6,–,–,–,72400,–,991,–,–,–,–,–,–,–,–,–,–,–,–,–,–,–,–,–,–,–,–,–,–,–,–,–,–,–,–,–,–,–,–
HSS,HSS14X6X.625,HSS14X6X5/8,–,76.33,0.000,21.0,–,–,14.0,12.3,–,–,–,6.00,4.26,–,–,–,–,–,–,–,0.625,0.581,–,–,–,–,–,–,–,–,–,–,7.33,–,21.1,–,478,88.7,68.3,4.77,124,48.4,41.2,2.43,–,–,–,334,–,83.7,–,–,–,–,–,–,–,–,–,–,–,–,–,–,–,–,–,–,–,–,–,–,–,–,–,–,–,–,–,–,–,–,HSS355.6X152.4X15.9,HSS355.6X152.4X15.9,113,13500,–,–,356,312,–,–,–,152,108,–,–,–,–,–,–,–,15.9,14.8,–,–,–,–,–,–,–,–,–,–,7.33,–,21.1,–,199,1450,1120,121,51.6,793,675,61.7,–,–,–,139000,–,1370,–,–,–,–,–,–,–,–,–,–,–,–,–,–,–,–,–,–,–,–,–,–,–,–,–,–,–,–,–,–,–,–
HSS,HSS12X8X.625,HSS12X8X5/8,–,76.33,0.000,21.0,–,–,12.0,10.3,–,–,–,8.00,6.26,–,–,–,–,–,–,–,0.625,0.581,–,–,–,–,–,–,–,–,–,–,10.8,–,17.7,–,397,82.1,66.1,4.34,210,61.9,52.5,3.16,–,–,–,454,–,97.7,–,–,–,–,–,–,–,–,–,–,–,–,–,–,–,–,–,–,–,–,–,–,–,–,–,–,–,–,–,–,–,–,HSS304.8X203.2X15.9,HSS304.8X203.2X15.9,113,13500,–,–,305,262,–,–,–,203,159,–,–,–,–,–,–,–,15.9,14.8,–,–,–,–,–,–,–,–,–,–,10.8,–,17.7,–,165,1350,1080,110,87.4,1010,860,80.3,–,–,–,189000,–,1600,–,–,–,–,–,–,–,–,–,–,–,–,–,–,–,–,–,–,–,–,–,–,–,–,–,–,–,–,–,–,–,–
HSS,HSS24X8X.375,HSS24X8X3/8,–,78.52,2.190,21.5,–,–,24.0,23.0,–,–,–,8.00,6.95,–,–,–,–,–,–,–,0.375,0.349,–,–,–,–,–,–,–,–,–,–,19.9,–,65.8,–,1470,157,123,8.27,263,72.2,65.8,3.50,–,–,–,739,–,126,–,–,–,–,–,–,–,–,–,–,–,–,–,–,–,–,–,–,–,–,–,–,–,–,–,–,–,–,–,–,–,–,HSS609.6X203.2X9.5,HSS609.6X203.2X9.5,117,13900,–,–,610,584,–,–,–,203,177,–,–,–,–,–,–,–,9.53,8.86,–,–,–,–,–,–,–,–,–,–,19.9,–,65.8,–,612,2570,2020,210,109,1180,1080,88.9,–,–,–,308000,–,2060,–,–,–,–,–,–,–,–,–,–,–,–,–,–,–,–,–,–,–,–,–,–,–,–,–,–,–,–,–,–,–,–
HSS,HSS22X10X.375,HSS22X10X3/8,–,78.52,0.000,21.5,–,–,22.0,21.0,–,–,–,10.0,8.95,–,–,–,–,–,–,–,0.375,0.349,–,–,–,–,–,–,–,–,–,–,25.7,–,60.0,–,1340,151,122,7.90,397,87.7,79.4,4.29,–,–,–,986,–,146,–,–,–,–,–,–,–,–,–,–,–,–,–,–,–,–,–,–,–,–,–,–,–,–,–,–,–,–,–,–,–,–,HSS558.8X254X9.5,HSS558.8X254X9.5,117,13900,–,–,559,533,–,–,–,254,227,–,–,–,–,–,–,–,9.53,8.86,–,–,–,–,–,–,–,–,–,–,25.7,–,60.0,–,558,2470,2000,201,165,1440,1300,109,–,–,–,410000,–,2390,–,–,–,–,–,–,–,–,–,–,–,–,–,–,–,–,–,–,–,–,–,–,–,–,–,–,–,–,–,–,–,–
HSS,HSS20X12X.375,HSS20X12X3/8,–,78.52,0.000,21.5,–,–,20.0,19.0,–,–,–,12.0,11.0,–,–,–,–,–,–,–,0.375,0.349,–,–,–,–,–,–,–,–,–,–,31.4,–,54.3,–,1200,144,120,7.45,547,102,91.1,5.04,–,–,–,1180,–,160,–,–,–,–,–,–,–,–,–,–,–,–,–,–,–,–,–,–,–,–,–,–,–,–,–,–,–,–,–,–,–,–,HSS508X304.8X9.5,HSS508X304.8X9.5,117,13900,–,–,508,483,–,–,–,305,279,–,–,–,–,–,–,–,9.53,8.86,–,–,–,–,–,–,–,–,–,–,31.4,–,54.3,–,499,2360,1970,189,228,1670,1490,128,–,–,–,491000,–,2620,–,–,–,–,–,–,–,–,–,–,–,–,–,–,–,–,–,–,–,–,–,–,–,–,–,–,–,–,–,–,–,–
HSS,HSS24X14X.313,HSS24X14X5/16,–,78.63,0.110,21.6,–,–,24.0,23.1,–,–,–,14.0,13.1,–,–,–,–,–,–,–,0.3125,0.291,–,–,–,–,–,–,–,–,–,–,45.1,–,79.5,–,1740,174,145,8.98,763,120,109,5.95,–,–,–,1660,–,189,–,–,–,–,–,–,–,–,–,–,–,–,–,–,–,–,–,–,–,–,–,–,–,–,–,–,–,–,–,–,–,–,HSS609.6X355.6X7.9,HSS609.6X355.6X7.9,117,13900,–,–,610,587,–,–,–,356,333,–,–,–,–,–,–,–,7.95,7.39,–,–,–,–,–,–,–,–,–,–,45.1,–,79.5,–,724,2850,2380,228,318,1970,1790,151,–,–,–,691000,–,3100,–,–,–,–,–,–,–,–,–,–,–,–,–,–,–,–,–,–,–,–,–,–,–,–,–,–,–,–,–,–,–,–
HSS,HSS22X16X.313,HSS22X16X5/16,–,78.63,0.000,21.6,–,–,22.0,21.1,–,–,–,16.0,15.1,–,–,–,–,–,–,–,0.3125,0.291,–,–,–,–,–,–,–,–,–,–,52.0,–,72.6,–,1550,165,141,8.47,954,133,119,6.65,–,–,–,1830,–,198,–,–,–,–,–,–,–,–,–,–,–,–,–,–,–,–,–,–,–,–,–,–,–,–,–,–,–,–,–,–,–,–,HSS558.8X406.4X7.9,HSS558.8X406.4X7.9,117,13900,–,–,559,536,–,–,–,406,384,–,–,–,–,–,–,–,7.95,7.39,–,–,–,–,–,–,–,–,–,–,52.0,–,72.6,–,645,2700,2310,215,397,2180,1950,169,–,–,–,762000,–,3240,–,–,–,–,–,–,–,–,–,–,–,–,–,–,–,–,–,–,–,–,–,–,–,–,–,–,–,–,–,–,–,–
HSS,HSS24X16X.313,HSS24X16X5/16,–,82.88,0.030,22.7,–,–,24.0,23.1,–,–,–,16.0,15.1,–,–,–,–,–,–,–,0.3125,0.291,–,–,–,–,–,–,–,–,–,–,52.0,–,79.5,–,1900,188,158,9.15,1030,143,128,6.72,–,–,–,2070,–,217,–,–,–,–,–,–,–,–,–,–,–,–,–,–,–,–,–,–,–,–,–,–,–,–,–,–,–,–,–,–,–,–,HSS609.6X406.4X7.9,HSS609.6X406.4X7.9,123,14600,–,–,610,587,–,–,–,406,384,–,–,–,–,–,–,–,7.95,7.39,–,–,–,–,–,–,–,–,–,–,52.0,–,79.5,–,791,3080,2590,232,429,2340,2100,171,–,–,–,862000,–,3560,–,–,–,–,–,–,–,–,–,–,–,–,–,–,–,–,–,–,–,–,–,–,–,–,–,–,–,–,–,–,–,–
HSS,HSS22X18X.313,HSS22X18X5/16,–,82.88,0.000,22.7,–,–,22.0,21.1,–,–,–,18.0,17.1,–,–,–,–,–,–,–,0.3125,0.291,–,–,–,–,–,–,–,–,–,–,58.9,–,72.6,–,1680,178,153,8.61,1240,156,138,7.40,–,–,–,2200,–,224,–,–,–,–,–,–,–,–,–,–,–,–,–,–,–,–,–,–,–,–,–,–,–,–,–,–,–,–,–,–,–,–,HSS558.8X457.2X7.9,HSS558.8X457.2X7.9,123,14600,–,–,559,536,–,–,–,457,434,–,–,–,–,–,–,–,7.95,7.39,–,–,–,–,–,–,–,–,–,–,58.9,–,72.6,–,699,2920,2510,219,516,2560,2260,188,–,–,–,916000,–,3670,–,–,–,–,–,–,–,–,–,–,–,–,–,–,–,–,–,–,–,–,–,–,–,–,–,–,–,–,–,–,–,–
HSS,HSS20X6X.500,HSS20X6X1/2,–,82.88,0.000,22.8,–,–,20.0,18.6,–,–,–,6.00,4.61,–,–,–,–,–,–,–,0.500,0.465,–,–,–,–,–,–,–,–,–,–,9.90,–,40.0,–,1020,134,102,6.68,148,55.8,49.4,2.55,–,–,–,441,–,100,–,–,–,–,–,–,–,–,–,–,–,–,–,–,–,–,–,–,–,–,–,–,–,–,–,–,–,–,–,–,–,–,HSS508X152.4X12.7,HSS508X152.4X12.7,123,14700,–,–,508,472,–,–,–,152,117,–,–,–,–,–,–,–,12.7,11.8,–,–,–,–,–,–,–,–,–,–,9.90,–,40.0,–,425,2200,1670,170,61.6,914,810,64.8,–,–,–,184000,–,1640,–,–,–,–,–,–,–,–,–,–,–,–,–,–,–,–,–,–,–,–,–,–,–,–,–,–,–,–,–,–,–,–
HSS,HSS18X8X.500,HSS18X8X1/2,–,82.88,0.000,22.8,–,–,18.0,16.6,–,–,–,8.00,6.61,–,–,–,–,–,–,–,0.500,0.465,–,–,–,–,–,–,–,–,–,–,14.2,–,35.7,–,913,128,101,6.33,257,72.5,64.2,3.36,–,–,–,659,–,122,–,–,–,–,–,–,–,–,–,–,–,–,–,–,–,–,–,–,–,–,–,–,–,–,–,–,–,–,–,–,–,–,HSS457.2X203.2X12.7,HSS457.2X203.2X12.7,123,14700,–,–,457,422,–,–,–,203,168,–,–,–,–,–,–,–,12.7,11.8,–,–,–,–,–,–,–,–,–,–,14.2,–,35.7,–,380,2100,1660,161,107,1190,1050,85.3,–,–,–,274000,–,2000,–,–,–,–,–,–,–,–,–,–,–,–,–,–,–,–,–,–,–,–,–,–,–,–,–,–,–,–,–,–,–,–
HSS,HSS16X10X.500,HSS16X10X1/2,–,82.88,0.000,22.8,–,–,16.0,14.6,–,–,–,10.0,8.61,–,–,–,–,–,–,–,0.500,0.465,–,–,–,–,–,–,–,–,–,–,18.5,–,31.4,–,792,121,99.0,5.90,383,87.3,76.6,4.10,–,–,–,829,–,137,–,–,–,–,–,–,–,–,–,–,–,–,–,–,–,–,–,–,–,–,–,–,–,–,–,–,–,–,–,–,–,–,HSS406.4X254X12.7,HSS406.4X254X12.7,123,14700,–,–,406,371,–,–,–,254,219,–,–,–,–,–,–,–,12.7,11.8,–,–,–,–,–,–,–,–,–,–,18.5,–,31.4,–,330,1980,1620,150,159,1430,1260,104,–,–,–,345000,–,2250,–,–,–,–,–,–,–,–,–,–,–,–,–,–,–,–,–,–,–,–,–,–,–,–,–,–,–,–,–,–,–,–
HSS,HSS14X12X.500,HSS14X12X1/2,–,82.88,0.000,22.8,–,–,14.0,12.6,–,–,–,12.0,10.6,–,–,–,–,–,–,–,0.500,0.465,–,–,–,–,–,–,–,–,–,–,22.8,–,27.1,–,658,111,94.0,5.38,519,100,86.5,4.78,–,–,–,921,–,145,–,–,–,–,–,–,–,–,–,–,–,–,–,–,–,–,–,–,–,–,–,–,–,–,–,–,–,–,–,–,–,–,HSS355.6X304.8X12.7,HSS355.6X304.8X12.7,123,14700,–,–,356,320,–,–,–,305,269,–,–,–,–,–,–,–,12.7,11.8,–,–,–,–,–,–,–,–,–,–,22.8,–,27.1,–,274,1820,1540,137,216,1640,1420,121,–,–,–,383000,–,2380,–,–,–,–,–,–,–,–,–,–,–,–,–,–,–,–,–,–,–,–,–,–,–,–,–,–,–,–,–,–,–,–
HSS,HSS16X6X.625,HSS16X6X5/8,–,84.84,1.960,23.3,–,–,16.0,14.3,–,–,–,6.00,4.26,–,–,–,–,–,–,–,0.625,0.581,–,–,–,–,–,–,–,–,–,–,7.33,–,24.5,–,677,111,84.6,5.38,141,54.7,46.9,2.46,–,–,–,398,–,96.3,–,–,–,–,–,–,–,–,–,–,–,–,–,–,–,–,–,–,–,–,–,–,–,–,–,–,–,–,–,–,–,–,HSS406.4X152.4X15.9,HSS406.4X152.4X15.9,126,15000,–,–,406,363,–,–,–,152,108,–,–,–,–,–,–,–,15.9,14.8,–,–,–,–,–,–,–,–,–,–,7.33,–,24.5,–,282,1820,1390,137,58.7,896,769,62.5,–,–,–,166000,–,1580,–,–,–,–,–,–,–,–,–,–,–,–,–,–,–,–,–,–,–,–,–,–,–,–,–,–,–,–,–,–,–,–
HSS,HSS14X8X.625,HSS14X8X5/8,–,84.84,0.000,23.3,–,–,14.0,12.3,–,–,–,8.00,6.26,–,–,–,–,–,–,–,0.625,0.581,–,–,–,–,–,–,–,–,–,–,10.8,–,21.1,–,582,104,83.2,5.00,242,70.5,60.6,3.22,–,–,–,566,–,115,–,–,–,–,–,–,–,–,–,–,–,–,–,–,–,–,–,–,–,–,–,–,–,–,–,–,–,–,–,–,–,–,HSS355.6X203.2X15.9,HSS355.6X203.2X15.9,126,15000,–,–,356,312,–,–,–,203,159,–,–,–,–,–,–,–,15.9,14.8,–,–,–,–,–,–,–,–,–,–,10.8,–,21.1,–,242,1700,1360,127,101,1160,993,81.8,–,–,–,236000,–,1880,–,–,–,–,–,–,–,–,–,–,–,–,–,–,–,–,–,–,–,–,–,–,–,–,–,–,–,–,–,–,–,–
HSS,HSS12X10X.625,HSS12X10X5/8,–,84.84,0.000,23.3,–,–,12.0,10.3,–,–,–,10.0,8.26,–,–,–,–,–,–,–,0.625,0.581,–,–,–,–,–,–,–,–,–,–,14.2,–,17.7,–,472,95.3,78.7,4.50,356,84.1,71.2,3.90,–,–,–,661,–,124.0,–,–,–,–,–,–,–,–,–,–,–,–,–,–,–,–,–,–,–,–,–,–,–,–,–,–,–,–,–,–,–,–,HSS304.8X254X15.9,HSS304.8X254X15.9,126,15000,–,–,305,262,–,–,–,254,210,–,–,–,–,–,–,–,15.9,14.8,–,–,–,–,–,–,–,–,–,–,14.2,–,17.7,–,196,1560,1290,114,148,1380,1170,99.1,–,–,–,275000,–,2030,–,–,–,–,–,–,–,–,–,–,–,–,–,–,–,–,–,–,–,–,–,–,–,–,–,–,–,–,–,–,–,–
HSS,HSS24X18X.313,HSS24X18X5/16,–,87.14,0.450,23.9,–,–,24.0,23.1,–,–,–,18.0,17.1,–,–,–,–,–,–,–,0.3125,0.291,–,–,–,–,–,–,–,–,–,–,58.9,–,79.5,–,2060,201,172,9.30,1330,166,148,7.47,–,–,–,2500,–,244,–,–,–,–,–,–,–,–,–,–,–,–,–,–,–,–,–,–,–,–,–,–,–,–,–,–,–,–,–,–,–,–,HSS609.6X457.2X7.9,HSS609.6X457.2X7.9,130,15400,–,–,610,587,–,–,–,457,434,–,–,–,–,–,–,–,7.95,7.39,–,–,–,–,–,–,–,–,–,–,58.9,–,79.5,–,857,3290,2820,236,554,2720,2430,190,–,–,–,1040000,–,4000,–,–,–,–,–,–,–,–,–,–,–,–,–,–,–,–,–,–,–,–,–,–,–,–,–,–,–,–,–,–,–,–
HSS,HSS22X20X.313,HSS22X20X5/16,–,87.14,0.000,23.9,–,–,22.0,21.1,–,–,–,20.0,19.1,–,–,–,–,–,–,–,0.3125,0.291,–,–,–,–,–,–,–,–,–,–,65.7,–,72.6,–,1820,191,166,8.73,1580,179,158,8.13,–,–,–,2590,–,249,–,–,–,–,–,–,–,–,–,–,–,–,–,–,–,–,–,–,–,–,–,–,–,–,–,–,–,–,–,–,–,–,HSS558.8X508X7.9,HSS558.8X508X7.9,130,15400,–,–,559,536,–,–,–,508,485,–,–,–,–,–,–,–,7.95,7.39,–,–,–,–,–,–,–,–,–,–,65.7,–,72.6,–,758,3130,2720,222,658,2930,2590,207,–,–,–,1080000,–,4080,–,–,–,–,–,–,–,–,–,–,–,–,–,–,–,–,–,–,–,–,–,–,–,–,–,–,–,–,–,–,–,–
HSS,HSS24X12X.375,HSS24X12X3/8,–,88.73,1.590,24.3,–,–,24.0,23.0,–,–,–,12.0,11.0,–,–,–,–,–,–,–,0.375,0.349,–,–,–,–,–,–,–,–,–,–,31.4,–,65.8,–,1860,190,155,8.75,642,118,107,5.14,–,–,–,1520,–,192,–,–,–,–,–,–,–,–,–,–,–,–,–,–,–,–,–,–,–,–,–,–,–,–,–,–,–,–,–,–,–,–,HSS609.6X304.8X9.5,HSS609.6X304.8X9.5,132,15700,–,–,610,584,–,–,–,305,279,–,–,–,–,–,–,–,9.53,8.86,–,–,–,–,–,–,–,–,–,–,31.4,–,65.8,–,774,3110,2540,222,267,1930,1750,131,–,–,–,633000,–,3150,–,–,–,–,–,–,–,–,–,–,–,–,–,–,–,–,–,–,–,–,–,–,–,–,–,–,–,–,–,–,–,–
HSS,HSS22X14X.375,HSS22X14X3/8,–,88.73,0.000,24.3,–,–,22.0,21.0,–,–,–,14.0,13.0,–,–,–,–,–,–,–,0.375,0.349,–,–,–,–,–,–,–,–,–,–,37.1,–,60.0,–,1670,182,152,8.29,837,134,120,5.87,–,–,–,1750,–,206,–,–,–,–,–,–,–,–,–,–,–,–,–,–,–,–,–,–,–,–,–,–,–,–,–,–,–,–,–,–,–,–,HSS558.8X355.6X9.5,HSS558.8X355.6X9.5,132,15700,–,–,559,533,–,–,–,356,330,–,–,–,–,–,–,–,9.53,8.86,–,–,–,–,–,–,–,–,–,–,37.1,–,60.0,–,695,2980,2490,211,348,2200,1970,149,–,–,–,728000,–,3380,–,–,–,–,–,–,–,–,–,–,–,–,–,–,–,–,–,–,–,–,–,–,–,–,–,–,–,–,–,–,–,–
HSS,HSS20X16X.375,HSS20X16X3/8,–,88.73,0.000,24.3,–,–,20.0,19.0,–,–,–,16.0,15.0,–,–,–,–,–,–,–,0.375,0.349,–,–,–,–,–,–,–,–,–,–,42.8,–,54.3,–,1470,172,147,7.76,1040,148,130,6.55,–,–,–,1890,–,215,–,–,–,–,–,–,–,–,–,–,–,–,–,–,–,–,–,–,–,–,–,–,–,–,–,–,–,–,–,–,–,–,HSS508X406.4X9.5,HSS508X406.4X9.5,132,15700,–,–,508,483,–,–,–,406,381,–,–,–,–,–,–,–,9.53,8.86,–,–,–,–,–,–,–,–,–,–,42.8,–,54.3,–,612,2820,2410,197,433,2430,2130,166,–,–,–,787000,–,3520,–,–,–,–,–,–,–,–,–,–,–,–,–,–,–,–,–,–,–,–,–,–,–,–,–,–,–,–,–,–,–,–
HSS,HSS20X8X.500,HSS20X8X1/2,–,89.68,0.180,24.6,–,–,20.0,18.6,–,–,–,8.00,6.60,–,–,–,–,–,–,–,0.500,0.465,–,–,–,–,–,–,–,–,–,–,14.2,–,40.0,–,1190,152,119,6.96,283,79.5,70.8,3.39,–,–,–,757,–,137,–,–,–,–,–,–,–,–,–,–,–,–,–,–,–,–,–,–,–,–,–,–,–,–,–,–,–,–,–,–,–,–,HSS508X203.2X12.7,HSS508X203.2X12.7,133,15900,–,–,508,472,–,–,–,203,168,–,–,–,–,–,–,–,12.7,11.8,–,–,–,–,–,–,–,–,–,–,14.2,–,40.0,–,495,2490,1950,177,118,1300,1160,86.1,–,–,–,315000,–,2250,–,–,–,–,–,–,–,–,–,–,–,–,–,–,–,–,–,–,–,–,–,–,–,–,–,–,–,–,–,–,–,–
HSS,HSS18X10X.500,HSS18X10X1/2,–,89.68,0.000,24.6,–,–,18.0,16.6,–,–,–,10.0,8.61,–,–,–,–,–,–,–,0.500,0.465,–,–,–,–,–,–,–,–,–,–,18.5,–,35.7,–,1060,144,117,6.55,425,96.2,85.0,4.16,–,–,–,977,–,155,–,–,–,–,–,–,–,–,–,–,–,–,–,–,–,–,–,–,–,–,–,–,–,–,–,–,–,–,–,–,–,–,HSS457.2X254X12.7,HSS457.2X254X12.7,133,15900,–,–,457,422,–,–,–,254,219,–,–,–,–,–,–,–,12.7,11.8,–,–,–,–,–,–,–,–,–,–,18.5,–,35.7,–,441,2360,1920,166,177,1580,1390,106,–,–,–,407000,–,2540,–,–,–,–,–,–,–,–,–,–,–,–,–,–,–,–,–,–,–,–,–,–,–,–,–,–,–,–,–,–,–,–
HSS,HSS16X12X.500,HSS16X12X1/2,–,89.68,0.000,24.6,–,–,16.0,14.6,–,–,–,12.0,10.6,–,–,–,–,–,–,–,0.500,0.465,–,–,–,–,–,–,–,–,–,–,22.8,–,31.4,–,904,135,113,6.06,581,111,96.8,4.86,–,–,–,1120,–,166,–,–,–,–,–,–,–,–,–,–,–,–,–,–,–,–,–,–,–,–,–,–,–,–,–,–,–,–,–,–,–,–,HSS406.4X304.8X12.7,HSS406.4X304.8X12.7,133,15900,–,–,406,371,–,–,–,305,269,–,–,–,–,–,–,–,12.7,11.8,–,–,–,–,–,–,–,–,–,–,22.8,–,31.4,–,376,2210,1850,154,242,1820,1590,123,–,–,–,466000,–,2720,–,–,–,–,–,–,–,–,–,–,–,–,–,–,–,–,–,–,–,–,–,–,–,–,–,–,–,–,–,–,–,–
HSS,HSS24X20X.313,HSS24X20X5/16,–,91.39,1.710,25.1,–,–,24.0,23.1,–,–,–,20.0,19.1,–,–,–,–,–,–,–,0.3125,0.291,–,–,–,–,–,–,–,–,–,–,65.7,–,79.5,–,2230,215,186,9.43,1690,190,169,8.21,–,–,–,2950,–,272,–,–,–,–,–,–,–,–,–,–,–,–,–,–,–,–,–,–,–,–,–,–,–,–,–,–,–,–,–,–,–,–,HSS609.6X508X7.9,HSS609.6X508X7.9,136,16200,–,–,610,587,–,–,–,508,485,–,–,–,–,–,–,–,7.95,7.39,–,–,–,–,–,–,–,–,–,–,65.7,–,79.5,–,928,3520,3050,240,703,3110,2770,209,–,–,–,1230000,–,4460,–,–,–,–,–,–,–,–,–,–,–,–,–,–,–,–,–,–,–,–,–,–,–,–,–,–,–,–,–,–,–,–
HSS,HSS18X6X.625,HSS18X6X5/8,–,93.34,1.950,25.7,–,–,18.0,16.3,–,–,–,6.00,4.26,–,–,–,–,–,–,–,0.625,0.581,–,–,–,–,–,–,–,–,–,–,7.33,–,28.0,–,923,135,103,6.00,158,61.0,52.7,2.48,–,–,–,462,–,109,–,–,–,–,–,–,–,–,–,–,–,–,–,–,–,–,–,–,–,–,–,–,–,–,–,–,–,–,–,–,–,–,HSS457.2X152.4X15.9,HSS457.2X152.4X15.9,139,16600,–,–,457,414,–,–,–,152,108,–,–,–,–,–,–,–,15.9,14.8,–,–,–,–,–,–,–,–,–,–,7.33,–,28.0,–,384,2210,1690,152,65.8,1000,864,63.0,–,–,–,192000,–,1790,–,–,–,–,–,–,–,–,–,–,–,–,–,–,–,–,–,–,–,–,–,–,–,–,–,–,–,–,–,–,–,–
HSS,HSS16X8X.625,HSS16X8X5/8,–,93.34,0.000,25.7,–,–,16.0,14.3,–,–,–,8.00,6.26,–,–,–,–,–,–,–,0.625,0.581,–,–,–,–,–,–,–,–,–,–,10.8,–,24.5,–,815,129,102,5.64,274,79.2,68.6,3.27,–,–,–,681,–,132,–,–,–,–,–,–,–,–,–,–,–,–,–,–,–,–,–,–,–,–,–,–,–,–,–,–,–,–,–,–,–,–,HSS406.4X203.2X15.9,HSS406.4X203.2X15.9,139,16600,–,–,406,363,–,–,–,203,159,–,–,–,–,–,–,–,15.9,14.8,–,–,–,–,–,–,–,–,–,–,10.8,–,24.5,–,339,2110,1670,143,114,1300,1120,83.1,–,–,–,283000,–,2160,–,–,–,–,–,–,–,–,–,–,–,–,–,–,–,–,–,–,–,–,–,–,–,–,–,–,–,–,–,–,–,–
HSS,HSS14X10X.625,HSS14X10X5/8,–,93.34,0.000,25.7,–,–,14.0,12.3,–,–,–,10.0,8.26,–,–,–,–,–,–,–,0.625,0.581,–,–,–,–,–,–,–,–,–,–,14.2,–,21.1,–,687,120,98.2,5.17,407,95.1,81.5,3.98,–,–,–,832,–,146,–,–,–,–,–,–,–,–,–,–,–,–,–,–,–,–,–,–,–,–,–,–,–,–,–,–,–,–,–,–,–,–,HSS355.6X254X15.9,HSS355.6X254X15.9,139,16600,–,–,356,312,–,–,–,254,210,–,–,–,–,–,–,–,15.9,14.8,–,–,–,–,–,–,–,–,–,–,14.2,–,21.1,–,286,1970,1610,131,169,1560,1340,101,–,–,–,346000,–,2390,–,–,–,–,–,–,–,–,–,–,–,–,–,–,–,–,–,–,–,–,–,–,–,–,–,–,–,–,–,–,–,–
HSS,HSS24X14X.375,HSS24X14X3/8,–,93.83,0.290,25.7,–,–,24.0,23.0,–,–,–,14.0,13.0,–,–,–,–,–,–,–,0.375,0.349,–,–,–,–,–,–,–,–,–,–,37.1,–,65.8,–,2060,207,171,8.94,902,143,129,5.92,–,–,–,1970,–,225,–,–,–,–,–,–,–,–,–,–,–,–,–,–,–,–,–,–,–,–,–,–,–,–,–,–,–,–,–,–,–,–,HSS609.6X355.6X9.5,HSS609.6X355.6X9.5,140,16600,–,–,610,584,–,–,–,356,330,–,–,–,–,–,–,–,9.53,8.86,–,–,–,–,–,–,–,–,–,–,37.1,–,65.8,–,857,3390,2800,227,375,2340,2110,150,–,–,–,820000,–,3690,–,–,–,–,–,–,–,–,–,–,–,–,–,–,–,–,–,–,–,–,–,–,–,–,–,–,–,–,–,–,–,–
HSS,HSS22X16X.375,HSS22X16X3/8,–,93.83,0.000,25.7,–,–,22.0,21.0,–,–,–,16.0,15.0,–,–,–,–,–,–,–,0.375,0.349,–,–,–,–,–,–,–,–,–,–,42.8,–,60.0,–,1830,197,167,8.44,1130,159,141,6.63,–,–,–,2170,–,236,–,–,–,–,–,–,–,–,–,–,–,–,–,–,–,–,–,–,–,–,–,–,–,–,–,–,–,–,–,–,–,–,HSS558.8X406.4X9.5,HSS558.8X406.4X9.5,140,16600,–,–,559,533,–,–,–,406,381,–,–,–,–,–,–,–,9.53,8.86,–,–,–,–,–,–,–,–,–,–,42.8,–,60.0,–,762,3230,2740,214,470,2610,2310,168,–,–,–,903000,–,3870,–,–,–,–,–,–,–,–,–,–,–,–,–,–,–,–,–,–,–,–,–,–,–,–,–,–,–,–,–,–,–,–
HSS,HSS24X16X.375,HSS24X16X3/8,–,98.94,2.730,27.1,–,–,24.0,23.0,–,–,–,16.0,15.0,–,–,–,–,–,–,–,0.375,0.349,–,–,–,–,–,–,–,–,–,–,42.8,–,65.8,–,2250,223,188,9.12,1210,169,152,6.69,–,–,–,2460,–,258,–,–,–,–,–,–,–,–,–,–,–,–,–,–,–,–,–,–,–,–,–,–,–,–,–,–,–,–,–,–,–,–,HSS609.6X406.4X9.5,HSS609.6X406.4X9.5,147,17500,–,–,610,584,–,–,–,406,381,–,–,–,–,–,–,–,9.53,8.86,–,–,–,–,–,–,–,–,–,–,42.8,–,65.8,–,937,3650,3080,232,504,2770,2490,170,–,–,–,1020000,–,4230,–,–,–,–,–,–,–,–,–,–,–,–,–,–,–,–,–,–,–,–,–,–,–,–,–,–,–,–,–,–,–,–
HSS,HSS22X18X.375,HSS22X18X3/8,–,98.94,0.000,27.1,–,–,22.0,21.0,–,–,–,18.0,17.0,–,–,–,–,–,–,–,0.375,0.349,–,–,–,–,–,–,–,–,–,–,48.6,–,60.0,–,2000,212,182,8.58,1470,185,164,7.37,–,–,–,2620,–,267,–,–,–,–,–,–,–,–,–,–,–,–,–,–,–,–,–,–,–,–,–,–,–,–,–,–,–,–,–,–,–,–,HSS558.8X457.2X9.5,HSS558.8X457.2X9.5,147,17500,–,–,559,533,–,–,–,457,432,–,–,–,–,–,–,–,9.53,8.86,–,–,–,–,–,–,–,–,–,–,48.6,–,60.0,–,832,3470,2980,218,612,3030,2690,187,–,–,–,1090000,–,4380,–,–,–,–,–,–,–,–,–,–,–,–,–,–,–,–,–,–,–,–,–,–,–,–,–,–,–,–,–,–,–,–
HSS,HSS20X6X.625,HSS20X6X5/8,–,101.85,2.910,28.0,–,–,20.0,18.3,–,–,–,6.00,4.26,–,–,–,–,–,–,–,0.625,0.581,–,–,–,–,–,–,–,–,–,–,7.33,–,31.4,–,1220,162,122,6.60,175,67.3,58.4,2.50,–,–,–,528,–,122,–,–,–,–,–,–,–,–,–,–,–,–,–,–,–,–,–,–,–,–,–,–,–,–,–,–,–,–,–,–,–,–,HSS508X152.4X15.9,HSS508X152.4X15.9,152,18100,–,–,508,465,–,–,–,152,108,–,–,–,–,–,–,–,15.9,14.8,–,–,–,–,–,–,–,–,–,–,7.33,–,31.4,–,508,2650,2000,168,72.8,1100,957,63.5,–,–,–,220000,–,2000,–,–,–,–,–,–,–,–,–,–,–,–,–,–,–,–,–,–,–,–,–,–,–,–,–,–,–,–,–,–,–,–
HSS,HSS18X8X.625,HSS18X8X5/8,–,101.85,0.000,28.0,–,–,18.0,16.3,–,–,–,8.00,6.26,–,–,–,–,–,–,–,0.625,0.581,–,–,–,–,–,–,–,–,–,–,10.8,–,28.0,–,1100,156,122,6.27,306,87.8,76.6,3.31,–,–,–,797,–,149,–,–,–,–,–,–,–,–,–,–,–,–,–,–,–,–,–,–,–,–,–,–,–,–,–,–,–,–,–,–,–,–,HSS457.2X203.2X15.9,HSS457.2X203.2X15.9,152,18100,–,–,457,414,–,–,–,203,159,–,–,–,–,–,–,–,15.9,14.8,–,–,–,–,–,–,–,–,–,–,10.8,–,28.0,–,458,2560,2000,159,127,1440,1260,84.1,–,–,–,332000,–,2440,–,–,–,–,–,–,–,–,–,–,–,–,–,–,–,–,–,–,–,–,–,–,–,–,–,–,–,–,–,–,–,–
HSS,HSS16X10X.625,HSS16X10X5/8,–,101.85,0.000,28.0,–,–,16.0,14.3,–,–,–,10.0,8.26,–,–,–,–,–,–,–,0.625,0.581,–,–,–,–,–,–,–,–,–,–,14.2,–,24.5,–,953,147,119,5.84,459,106,91.8,4.05,–,–,–,1010,–,168,–,–,–,–,–,–,–,–,–,–,–,–,–,–,–,–,–,–,–,–,–,–,–,–,–,–,–,–,–,–,–,–,HSS406.4X254X15.9,HSS406.4X254X15.9,152,18100,–,–,406,363,–,–,–,254,210,–,–,–,–,–,–,–,15.9,14.8,–,–,–,–,–,–,–,–,–,–,14.2,–,24.5,–,397,2410,1950,148,191,1740,1500,103,–,–,–,420000,–,2750,–,–,–,–,–,–,–,–,–,–,–,–,–,–,–,–,–,–,–,–,–,–,–,–,–,–,–,–,–,–,–,–
HSS,HSS14X12X.625,HSS14X12X5/8,–,101.85,0.000,28.0,–,–,14.0,12.3,–,–,–,12.0,10.3,–,–,–,–,–,–,–,0.625,0.581,–,–,–,–,–,–,–,–,–,–,17.7,–,21.1,–,792,135,113,5.32,624,122,104,4.72,–,–,–,1120,–,177,–,–,–,–,–,–,–,–,–,–,–,–,–,–,–,–,–,–,–,–,–,–,–,–,–,–,–,–,–,–,–,–,HSS355.6X304.8X15.9,HSS355.6X304.8X15.9,152,18100,–,–,356,312,–,–,–,305,262,–,–,–,–,–,–,–,15.9,14.8,–,–,–,–,–,–,–,–,–,–,17.7,–,21.1,–,330,2210,1850,135,260,2000,1700,120,–,–,–,466000,–,2900,–,–,–,–,–,–,–,–,–,–,–,–,–,–,–,–,–,–,–,–,–,–,–,–,–,–,–,–,–,–,–,–
HSS,HSS24X8X.500,HSS24X8X1/2,–,103.30,0.300,28.3,–,–,24.0,22.6,–,–,–,8.00,6.61,–,–,–,–,–,–,–,0.500,0.465,–,–,–,–,–,–,–,–,–,–,14.2,–,48.6,–,1900,205,159,8.19,336,93.5,84.0,3.44,–,–,–,955,–,165,–,–,–,–,–,–,–,–,–,–,–,–,–,–,–,–,–,–,–,–,–,–,–,–,–,–,–,–,–,–,–,–,HSS609.6X203.2X12.7,HSS609.6X203.2X12.7,154,18300,–,–,610,574,–,–,–,203,168,–,–,–,–,–,–,–,12.7,11.8,–,–,–,–,–,–,–,–,–,–,14.2,–,48.6,–,791,3360,2610,208,140,1530,1380,87.4,–,–,–,398000,–,2700,–,–,–,–,–,–,–,–,–,–,–,–,–,–,–,–,–,–,–,–,–,–,–,–,–,–,–,–,–,–,–,–
HSS,HSS22X10X.500,HSS22X10X1/2,–,103.30,0.000,28.3,–,–,22.0,20.6,–,–,–,10.0,8.61,–,–,–,–,–,–,–,0.500,0.465,–,–,–,–,–,–,–,–,–,–,18.5,–,44.3,–,1740,197,158,7.83,510,114,102,4.24,–,–,–,1280,–,191,–,–,–,–,–,–,–,–,–,–,–,–,–,–,–,–,–,–,–,–,–,–,–,–,–,–,–,–,–,–,–,–,HSS558.8X254X12.7,HSS558.8X254X12.7,154,18300,–,–,559,523,–,–,–,254,219,–,–,–,–,–,–,–,12.7,11.8,–,–,–,–,–,–,–,–,–,–,18.5,–,44.3,–,724,3230,2590,199,212,1870,1670,108,–,–,–,533000,–,3130,–,–,–,–,–,–,–,–,–,–,–,–,–,–,–,–,–,–,–,–,–,–,–,–,–,–,–,–,–,–,–,–
HSS,HSS20X12X.500,HSS20X12X1/2,–,103.30,0.000,28.3,–,–,20.0,18.6,–,–,–,12.0,10.6,–,–,–,–,–,–,–,0.500,0.465,–,–,–,–,–,–,–,–,–,–,22.8,–,40.0,–,1550,188,155,7.39,705,132,117,4.99,–,–,–,1540,–,209,–,–,–,–,–,–,–,–,–,–,–,–,–,–,–,–,–,–,–,–,–,–,–,–,–,–,–,–,–,–,–,–,HSS508X304.8X12.7,HSS508X304.8X12.7,153,18300,–,–,508,472,–,–,–,305,269,–,–,–,–,–,–,–,12.7,11.8,–,–,–,–,–,–,–,–,–,–,22.8,–,40.0,–,645,3080,2540,188,293,2160,1920,127,–,–,–,641000,–,3420,–,–,–,–,–,–,–,–,–,–,–,–,–,–,–,–,–,–,–,–,–,–,–,–,–,–,–,–,–,–,–,–
HSS,HSS24X18X.375,HSS24X18X3/8,–,104.04,0.040,28.5,–,–,24.0,23.0,–,–,–,18.0,17.0,–,–,–,–,–,–,–,0.375,0.349,–,–,–,–,–,–,–,–,–,–,48.6,–,65.8,–,2450,240,204,9.27,1580,197,176,7.45,–,–,–,2970,–,291,–,–,–,–,–,–,–,–,–,–,–,–,–,–,–,–,–,–,–,–,–,–,–,–,–,–,–,–,–,–,–,–,HSS609.6X457.2X9.5,HSS609.6X457.2X9.5,155,18400,–,–,610,584,–,–,–,457,432,–,–,–,–,–,–,–,9.53,8.86,–,–,–,–,–,–,–,–,–,–,48.6,–,65.8,–,1020,3930,3340,235,658,3230,2880,189,–,–,–,1240000,–,4770,–,–,–,–,–,–,–,–,–,–,–,–,–,–,–,–,–,–,–,–,–,–,–,–,–,–,–,–,–,–,–,–
HSS,HSS22X20X.375,HSS22X20X3/8,–,104.04,0.000,28.5,–,–,22.0,21.0,–,–,–,20.0,19.0,–,–,–,–,–,–,–,0.375,0.349,–,–,–,–,–,–,–,–,–,–,54.3,–,60.0,–,2160,227,196,8.71,1870,213,187,8.10,–,–,–,3090,–,297,–,–,–,–,–,–,–,–,–,–,–,–,–,–,–,–,–,–,–,–,–,–,–,–,–,–,–,–,–,–,–,–,HSS558.8X508X9.5,HSS558.8X508X9.5,155,18400,–,–,559,533,–,–,–,508,483,–,–,–,–,–,–,–,9.53,8.86,–,–,–,–,–,–,–,–,–,–,54.3,–,60.0,–,899,3720,3210,221,778,3490,3060,206,–,–,–,1290000,–,4870,–,–,–,–,–,–,–,–,–,–,–,–,–,–,–,–,–,–,–,–,–,–,–,–,–,–,–,–,–,–,–,–
HSS,HSS24X20X.375,HSS24X20X3/8,–,109.15,2.920,29.9,–,–,24.0,23.0,–,–,–,20.0,19.0,–,–,–,–,–,–,–,0.375,0.349,–,–,–,–,–,–,–,–,–,–,54.3,–,65.8,–,2640,256,220,9.40,2000,226,200,8.19,–,–,–,3510,–,324,–,–,–,–,–,–,–,–,–,–,–,–,–,–,–,–,–,–,–,–,–,–,–,–,–,–,–,–,–,–,–,–,HSS609.6X508X9.5,HSS609.6X508X9.5,162,19300,–,–,610,584,–,–,–,508,483,–,–,–,–,–,–,–,9.53,8.86,–,–,–,–,–,–,–,–,–,–,54.3,–,65.8,–,1100,4200,3610,239,832,3700,3280,208,–,–,–,1460000,–,5310,–,–,–,–,–,–,–,–,–,–,–,–,–,–,–,–,–,–,–,–,–,–,–,–,–,–,–,–,–,–,–,–
HSS,HSS18X6X.750,HSS18X6X3/4,–,109.91,0.760,30.3,–,–,18.0,15.9,–,–,–,6.00,3.91,–,–,–,–,–,–,–,0.750,0.698,–,–,–,–,–,–,–,–,–,–,5.60,–,22.8,–,1060,158,118,5.92,179,70.4,59.6,2.43,–,–,–,530,–,127,–,–,–,–,–,–,–,–,–,–,–,–,–,–,–,–,–,–,–,–,–,–,–,–,–,–,–,–,–,–,–,–,HSS457.2X152.4X19.0,HSS457.2X152.4X19.0,164,19500,–,–,457,404,–,–,–,152,99.3,–,–,–,–,–,–,–,19.1,17.7,–,–,–,–,–,–,–,–,–,–,5.60,–,22.8,–,441,2590,1930,150,74.5,1150,977,61.7,–,–,–,221000,–,2080,–,–,–,–,–,–,–,–,–,–,–,–,–,–,–,–,–,–,–,–,–,–,–,–,–,–,–,–,–,–,–,–
HSS,HSS16X8X.750,HSS16X8X3/4,–,109.91,0.000,30.3,–,–,16.0,13.9,–,–,–,8.00,5.91,–,–,–,–,–,–,–,0.750,0.698,–,–,–,–,–,–,–,–,–,–,8.46,–,19.9,–,939,150,117,5.57,314,91.9,78.4,3.22,–,–,–,790,–,155,–,–,–,–,–,–,–,–,–,–,–,–,–,–,–,–,–,–,–,–,–,–,–,–,–,–,–,–,–,–,–,–,HSS406.4X203.2X19.0,HSS406.4X203.2X19.0,164,19500,–,–,406,353,–,–,–,203,150,–,–,–,–,–,–,–,19.1,17.7,–,–,–,–,–,–,–,–,–,–,8.46,–,19.9,–,391,2460,1920,141,131,1510,1280,81.8,–,–,–,329000,–,2540,–,–,–,–,–,–,–,–,–,–,–,–,–,–,–,–,–,–,–,–,–,–,–,–,–,–,–,–,–,–,–,–
HSS,HSS14X10X.750,HSS14X10X3/4,–,109.91,0.000,30.3,–,–,14.0,11.9,–,–,–,10.0,7.91,–,–,–,–,–,–,–,0.750,0.698,–,–,–,–,–,–,–,–,–,–,11.3,–,17.1,–,792,140,113,5.11,468,111,93.6,3.93,–,–,–,970,–,171,–,–,–,–,–,–,–,–,–,–,–,–,–,–,–,–,–,–,–,–,–,–,–,–,–,–,–,–,–,–,–,–,HSS355.6X254X19.0,HSS355.6X254X19.0,164,19500,–,–,356,302,–,–,–,254,201,–,–,–,–,–,–,–,19.1,17.7,–,–,–,–,–,–,–,–,–,–,11.3,–,17.1,–,330,2290,1850,130,195,1820,1530,99.8,–,–,–,404000,–,2800,–,–,–,–,–,–,–,–,–,–,–,–,–,–,–,–,–,–,–,–,–,–,–,–,–,–,–,–,–,–,–,–
HSS,HSS20X8X.625,HSS20X8X5/8,–,110.36,0.450,30.3,–,–,20.0,18.3,–,–,–,8.00,6.26,–,–,–,–,–,–,–,0.625,0.581,–,–,–,–,–,–,–,–,–,–,10.8,–,31.4,–,1440,185,144,6.89,338,96.4,84.6,3.34,–,–,–,916,–,167,–,–,–,–,–,–,–,–,–,–,–,–,–,–,–,–,–,–,–,–,–,–,–,–,–,–,–,–,–,–,–,–,HSS508X203.2X15.9,HSS508X203.2X15.9,164,19500,–,–,508,465,–,–,–,203,159,–,–,–,–,–,–,–,15.9,14.8,–,–,–,–,–,–,–,–,–,–,10.8,–,31.4,–,599,3030,2360,175,141,1580,1390,84.8,–,–,–,381000,–,2740,–,–,–,–,–,–,–,–,–,–,–,–,–,–,–,–,–,–,–,–,–,–,–,–,–,–,–,–,–,–,–,–
HSS,HSS18X10X.625,HSS18X10X5/8,–,110.36,0.000,30.3,–,–,18.0,16.3,–,–,–,10.0,8.26,–,–,–,–,–,–,–,0.625,0.581,–,–,–,–,–,–,–,–,–,–,14.2,–,28.0,–,1280,176,142,6.49,511,117,102,4.10,–,–,–,1190,–,190,–,–,–,–,–,–,–,–,–,–,–,–,–,–,–,–,–,–,–,–,–,–,–,–,–,–,–,–,–,–,–,–,HSS457.2X254X15.9,HSS457.2X254X15.9,164,19500,–,–,457,414,–,–,–,254,210,–,–,–,–,–,–,–,15.9,14.8,–,–,–,–,–,–,–,–,–,–,14.2,–,28.0,–,533,2880,2330,165,213,1920,1670,104,–,–,–,495000,–,3110,–,–,–,–,–,–,–,–,–,–,–,–,–,–,–,–,–,–,–,–,–,–,–,–,–,–,–,–,–,–,–,–
HSS,HSS16X12X.625,HSS16X12X5/8,–,110.36,0.000,30.3,–,–,16.0,14.3,–,–,–,12.0,10.3,–,–,–,–,–,–,–,0.625,0.581,–,–,–,–,–,–,–,–,–,–,17.7,–,24.5,–,1090,165,136,6.00,700,135,117,4.80,–,–,–,1370,–,204,–,–,–,–,–,–,–,–,–,–,–,–,–,–,–,–,–,–,–,–,–,–,–,–,–,–,–,–,–,–,–,–,HSS406.4X304.8X15.9,HSS406.4X304.8X15.9,164,19500,–,–,406,363,–,–,–,305,262,–,–,–,–,–,–,–,15.9,14.8,–,–,–,–,–,–,–,–,–,–,17.7,–,24.5,–,454,2700,2230,152,291,2210,1920,122,–,–,–,570000,–,3340,–,–,–,–,–,–,–,–,–,–,–,–,–,–,–,–,–,–,–,–,–,–,–,–,–,–,–,–,–,–,–,–
HSS,HSS24X12X.500,HSS24X12X1/2,–,116.91,0.820,32.1,–,–,24.0,22.6,–,–,–,12.0,10.6,–,–,–,–,–,–,–,0.500,0.465,–,–,–,–,–,–,–,–,–,–,22.8,–,48.6,–,2420,248,202,8.68,829,154,138,5.08,–,–,–,1980,–,252,–,–,–,–,–,–,–,–,–,–,–,–,–,–,–,–,–,–,–,–,–,–,–,–,–,–,–,–,–,–,–,–,HSS609.6X304.8X12.7,HSS609.6X304.8X12.7,174,20700,–,–,610,574,–,–,–,305,269,–,–,–,–,–,–,–,12.7,11.8,–,–,–,–,–,–,–,–,–,–,22.8,–,48.6,–,1010,4060,3310,220,345,2520,2260,129,–,–,–,824000,–,4130,–,–,–,–,–,–,–,–,–,–,–,–,–,–,–,–,–,–,–,–,–,–,–,–,–,–,–,–,–,–,–,–
HSS,HSS22X14X.500,HSS22X14X1/2,–,116.91,0.000,32.1,–,–,22.0,20.6,–,–,–,14.0,12.6,–,–,–,–,–,–,–,0.500,0.465,–,–,–,–,–,–,–,–,–,–,27.1,–,44.3,–,2170,237,197,8.22,1080,174,155,5.81,–,–,–,2290,–,271,–,–,–,–,–,–,–,–,–,–,–,–,–,–,–,–,–,–,–,–,–,–,–,–,–,–,–,–,–,–,–,–,HSS558.8X355.6X12.7,HSS558.8X355.6X12.7,174,20700,–,–,559,523,–,–,–,356,320,–,–,–,–,–,–,–,12.7,11.8,–,–,–,–,–,–,–,–,–,–,27.1,–,44.3,–,903,3880,3230,209,450,2850,2540,148,–,–,–,953000,–,4440,–,–,–,–,–,–,–,–,–,–,–,–,–,–,–,–,–,–,–,–,–,–,–,–,–,–,–,–,–,–,–,–
HSS,HSS20X16X.500,HSS20X16X1/2,–,116.91,0.000,32.1,–,–,20.0,18.6,–,–,–,16.0,14.6,–,–,–,–,–,–,–,0.500,0.465,–,–,–,–,–,–,–,–,–,–,31.4,–,40.0,–,1900,224,190,7.70,1350,193,169,6.50,–,–,–,2480,–,282,–,–,–,–,–,–,–,–,–,–,–,–,–,–,–,–,–,–,–,–,–,–,–,–,–,–,–,–,–,–,–,–,HSS508X406.4X12.7,HSS508X406.4X12.7,174,20700,–,–,508,472,–,–,–,406,371,–,–,–,–,–,–,–,12.7,11.8,–,–,–,–,–,–,–,–,–,–,31.4,–,40.0,–,791,3670,3110,196,562,3160,2770,165,–,–,–,1030000,–,4620,–,–,–,–,–,–,–,–,–,–,–,–,–,–,–,–,–,–,–,–,–,–,–,–,–,–,–,–,–,–,–,–
HSS,HSS24X14X.500,HSS24X14X1/2,–,123.71,0.940,33.9,–,–,24.0,22.6,–,–,–,14.0,12.6,–,–,–,–,–,–,–,0.500,0.465,–,–,–,–,–,–,–,–,–,–,27.1,–,48.6,–,2680,270,223,8.88,1170,187,167,5.87,–,–,–,2580,–,296,–,–,–,–,–,–,–,–,–,–,–,–,–,–,–,–,–,–,–,–,–,–,–,–,–,–,–,–,–,–,–,–,HSS609.6X355.6X12.7,HSS609.6X355.6X12.7,184,21900,–,–,610,574,–,–,–,356,320,–,–,–,–,–,–,–,12.7,11.8,–,–,–,–,–,–,–,–,–,–,27.1,–,48.6,–,1120,4420,3650,226,487,3060,2740,149,–,–,–,1070000,–,4850,–,–,–,–,–,–,–,–,–,–,–,–,–,–,–,–,–,–,–,–,–,–,–,–,–,–,–,–,–,–,–,–
HSS,HSS22X16X.500,HSS22X16X1/2,–,123.71,0.000,33.9,–,–,22.0,20.6,–,–,–,16.0,14.6,–,–,–,–,–,–,–,0.500,0.465,–,–,–,–,–,–,–,–,–,–,31.4,–,44.3,–,2380,257,217,8.38,1470,207,183,6.57,–,–,–,2850,–,311,–,–,–,–,–,–,–,–,–,–,–,–,–,–,–,–,–,–,–,–,–,–,–,–,–,–,–,–,–,–,–,–,HSS558.8X406.4X12.7,HSS558.8X406.4X12.7,184,21900,–,–,559,523,–,–,–,406,371,–,–,–,–,–,–,–,12.7,11.8,–,–,–,–,–,–,–,–,–,–,31.4,–,44.3,–,991,4210,3560,213,612,3390,3000,167,–,–,–,1190000,–,5100,–,–,–,–,–,–,–,–,–,–,–,–,–,–,–,–,–,–,–,–,–,–,–,–,–,–,–,–,–,–,–,–
HSS,HSS16X8X.875,HSS16X8X7/8,–,125.79,0.180,34.7,–,–,16.0,13.6,–,–,–,8.00,5.56,–,–,–,–,–,–,–,0.875,0.814,–,–,–,–,–,–,–,–,–,–,6.83,–,16.7,–,1050,170,131,5.50,348,104,87.0,3.17,–,–,–,888,–,176,–,–,–,–,–,–,–,–,–,–,–,–,–,–,–,–,–,–,–,–,–,–,–,–,–,–,–,–,–,–,–,–,HSS406.4X203.2X22.2,HSS406.4X203.2X22.2,187,22400,–,–,406,345,–,–,–,203,141,–,–,–,–,–,–,–,22.2,20.7,–,–,–,–,–,–,–,–,–,–,6.83,–,16.7,–,437,2790,2150,140,145,1700,1430,80.5,–,–,–,370000,–,2880,–,–,–,–,–,–,–,–,–,–,–,–,–,–,–,–,–,–,–,–,–,–,–,–,–,–,–,–,–,–,–,–
HSS,HSS14X10X.875,HSS14X10X7/8,–,125.79,0.000,34.7,–,–,14.0,11.6,–,–,–,10.0,7.56,–,–,–,–,–,–,–,0.875,0.814,–,–,–,–,–,–,–,–,–,–,9.29,–,14.2,–,886,158,127,5.05,522,125,104,3.88,–,–,–,1100,–,195,–,–,–,–,–,–,–,–,–,–,–,–,–,–,–,–,–,–,–,–,–,–,–,–,–,–,–,–,–,–,–,–,HSS355.6X254X22.2,HSS355.6X254X22.2,187,22400,–,–,356,295,–,–,–,254,192,–,–,–,–,–,–,–,22.2,20.7,–,–,–,–,–,–,–,–,–,–,9.29,–,14.2,–,369,2590,2080,128,217,2050,1700,98.6,–,–,–,458000,–,3200,–,–,–,–,–,–,–,–,–,–,–,–,–,–,–,–,–,–,–,–,–,–,–,–,–,–,–,–,–,–,–,–
HSS,HSS22X10X.625,HSS22X10X5/8,–,127.37,1.580,35.0,–,–,22.0,20.3,–,–,–,10.0,8.26,–,–,–,–,–,–,–,0.625,0.581,–,–,–,–,–,–,–,–,–,–,14.2,–,34.9,–,2110,241,191,7.76,614,139,123,4.19,–,–,–,1560,–,234,–,–,–,–,–,–,–,–,–,–,–,–,–,–,–,–,–,–,–,–,–,–,–,–,–,–,–,–,–,–,–,–,HSS558.8X254X15.9,HSS558.8X254X15.9,190,22600,–,–,559,516,–,–,–,254,210,–,–,–,–,–,–,–,15.9,14.8,–,–,–,–,–,–,–,–,–,–,14.2,–,34.9,–,878,3950,3130,197,256,2280,2020,106,–,–,–,649000,–,3830,–,–,–,–,–,–,–,–,–,–,–,–,–,–,–,–,–,–,–,–,–,–,–,–,–,–,–,–,–,–,–,–
HSS,HSS20X12X.625,HSS20X12X5/8,–,127.37,0.000,35.0,–,–,20.0,18.3,–,–,–,12.0,10.3,–,–,–,–,–,–,–,0.625,0.581,–,–,–,–,–,–,–,–,–,–,17.7,–,31.4,–,1880,230,188,7.33,851,162,142,4.93,–,–,–,1890,–,257,–,–,–,–,–,–,–,–,–,–,–,–,–,–,–,–,–,–,–,–,–,–,–,–,–,–,–,–,–,–,–,–,HSS508X304.8X15.9,HSS508X304.8X15.9,189,22600,–,–,508,465,–,–,–,305,262,–,–,–,–,–,–,–,15.9,14.8,–,–,–,–,–,–,–,–,–,–,17.7,–,31.4,–,783,3770,3080,186,354,2650,2330,125,–,–,–,787000,–,4210,–,–,–,–,–,–,–,–,–,–,–,–,–,–,–,–,–,–,–,–,–,–,–,–,–,–,–,–,–,–,–,–
HSS,HSS20X8X.750,HSS20X8X3/4,–,130.33,0.880,35.9,–,–,20.0,17.9,–,–,–,8.00,5.91,–,–,–,–,–,–,–,0.750,0.698,–,–,–,–,–,–,–,–,–,–,8.46,–,25.7,–,1670,216,167,6.82,388,112,97.1,3.29,–,–,–,1060,–,195,–,–,–,–,–,–,–,–,–,–,–,–,–,–,–,–,–,–,–,–,–,–,–,–,–,–,–,–,–,–,–,–,HSS508X203.2X19.0,HSS508X203.2X19.0,194,23200,–,–,508,455,–,–,–,203,150,–,–,–,–,–,–,–,19.1,17.7,–,–,–,–,–,–,–,–,–,–,8.46,–,25.7,–,695,3540,2740,173,161,1840,1590,83.6,–,–,–,441000,–,3200,–,–,–,–,–,–,–,–,–,–,–,–,–,–,–,–,–,–,–,–,–,–,–,–,–,–,–,–,–,–,–,–
HSS,HSS16X12X.750,HSS16X12X3/4,–,130.33,0.000,35.9,–,–,16.0,13.9,–,–,–,12.0,9.91,–,–,–,–,–,–,–,0.750,0.698,–,–,–,–,–,–,–,–,–,–,14.2,–,19.9,–,1270,193,159,5.95,810,158,135,4.75,–,–,–,1610,–,240,–,–,–,–,–,–,–,–,–,–,–,–,–,–,–,–,–,–,–,–,–,–,–,–,–,–,–,–,–,–,–,–,HSS406.4X304.8X19.0,HSS406.4X304.8X19.0,194,23200,–,–,406,353,–,–,–,305,252,–,–,–,–,–,–,–,19.1,17.7,–,–,–,–,–,–,–,–,–,–,14.2,–,19.9,–,529,3160,2610,151,337,2590,2210,121,–,–,–,670000,–,3930,–,–,–,–,–,–,–,–,–,–,–,–,–,–,–,–,–,–,–,–,–,–,–,–,–,–,–,–,–,–,–,–
HSS,HSS30X10X.500,HSS30X10X1/2,–,130.52,0.190,35.8,–,–,30.0,28.6,–,–,–,10.0,8.61,–,–,–,–,–,–,–,0.500,0.465,–,–,–,–,–,–,–,–,–,–,18.5,–,61.5,–,3810,326,254,10.3,679,149,136,4.36,–,–,–,1910,–,262,–,–,–,–,–,–,–,–,–,–,–,–,–,–,–,–,–,–,–,–,–,–,–,–,–,–,–,–,–,–,–,–,HSS762X254X12.7,HSS762X254X12.7,194,23100,–,–,762,726,–,–,–,254,219,–,–,–,–,–,–,–,12.7,11.8,–,–,–,–,–,–,–,–,–,–,18.5,–,61.5,–,1590,5340,4160,262,283,2440,2230,111,–,–,–,795000,–,4290,–,–,–,–,–,–,–,–,–,–,–,–,–,–,–,–,–,–,–,–,–,–,–,–,–,–,–,–,–,–,–,–
HSS,HSS24X16X.500,HSS24X16X1/2,–,130.52,0.000,35.8,–,–,24.0,22.6,–,–,–,16.0,14.6,–,–,–,–,–,–,–,0.500,0.465,–,–,–,–,–,–,–,–,–,–,31.4,–,48.6,–,2930,292,244,9.05,1580,222,197,6.64,–,–,–,3220,–,340,–,–,–,–,–,–,–,–,–,–,–,–,–,–,–,–,–,–,–,–,–,–,–,–,–,–,–,–,–,–,–,–,HSS609.6X406.4X12.7,HSS609.6X406.4X12.7,194,23100,–,–,610,574,–,–,–,406,371,–,–,–,–,–,–,–,12.7,11.8,–,–,–,–,–,–,–,–,–,–,31.4,–,48.6,–,1220,4790,4000,230,658,3640,3230,169,–,–,–,1340000,–,5570,–,–,–,–,–,–,–,–,–,–,–,–,–,–,–,–,–,–,–,–,–,–,–,–,–,–,–,–,–,–,–,–
HSS,HSS22X18X.500,HSS22X18X1/2,–,130.52,0.000,35.8,–,–,22.0,20.6,–,–,–,18.0,16.6,–,–,–,–,–,–,–,0.500,0.465,–,–,–,–,–,–,–,–,–,–,35.7,–,44.3,–,2600,277,236,8.52,1910,242,213,7.31,–,–,–,3440,–,351,–,–,–,–,–,–,–,–,–,–,–,–,–,–,–,–,–,–,–,–,–,–,–,–,–,–,–,–,–,–,–,–,HSS558.8X457.2X12.7,HSS558.8X457.2X12.7,194,23100,–,–,559,523,–,–,–,457,422,–,–,–,–,–,–,–,12.7,11.8,–,–,–,–,–,–,–,–,–,–,35.7,–,44.3,–,1080,4540,3870,216,795,3970,3490,186,–,–,–,1430000,–,5750,–,–,–,–,–,–,–,–,–,–,–,–,–,–,–,–,–,–,–,–,–,–,–,–,–,–,–,–,–,–,–,–
HSS,HSS24X18X.500,HSS24X18X1/2,–,137.32,1.020,37.6,–,–,24.0,22.6,–,–,–,18.0,16.6,–,–,–,–,–,–,–,0.500,0.465,–,–,–,–,–,–,–,–,–,–,35.7,–,48.6,–,3190,314,266,9.21,2060,258,229,7.39,–,–,–,3910,–,383,–,–,–,–,–,–,–,–,–,–,–,–,–,–,–,–,–,–,–,–,–,–,–,–,–,–,–,–,–,–,–,–,HSS609.6X457.2X12.7,HSS609.6X457.2X12.7,204,24300,–,–,610,574,–,–,–,457,422,–,–,–,–,–,–,–,12.7,11.8,–,–,–,–,–,–,–,–,–,–,35.7,–,48.6,–,1330,5150,4360,234,857,4230,3750,188,–,–,–,1630000,–,6280,–,–,–,–,–,–,–,–,–,–,–,–,–,–,–,–,–,–,–,–,–,–,–,–,–,–,–,–,–,–,–,–
HSS,HSS22X20X.500,HSS22X20X1/2,–,137.32,0.000,37.6,–,–,22.0,20.6,–,–,–,20.0,18.6,–,–,–,–,–,–,–,0.500,0.465,–,–,–,–,–,–,–,–,–,–,40.0,–,44.3,–,2820,297,256,8.65,2440,279,244,8.04,–,–,–,4060,–,391,–,–,–,–,–,–,–,–,–,–,–,–,–,–,–,–,–,–,–,–,–,–,–,–,–,–,–,–,–,–,–,–,HSS558.8X508X12.7,HSS558.8X508X12.7,204,24300,–,–,559,523,–,–,–,508,472,–,–,–,–,–,–,–,12.7,11.8,–,–,–,–,–,–,–,–,–,–,40.0,–,44.3,–,1170,4870,4200,220,1020,4570,4000,204,–,–,–,1690000,–,6410,–,–,–,–,–,–,–,–,–,–,–,–,–,–,–,–,–,–,–,–,–,–,–,–,–,–,–,–,–,–,–,–
HSS,HSS24X20X.500,HSS24X20X1/2,–,144.13,1.320,39.5,–,–,24.0,22.6,–,–,–,20.0,18.6,–,–,–,–,–,–,–,0.500,0.465,–,–,–,–,–,–,–,–,–,–,40.0,–,48.6,–,3450,336,287,9.34,2610,297,261,8.13,–,–,–,4620,–,427,–,–,–,–,–,–,–,–,–,–,–,–,–,–,–,–,–,–,–,–,–,–,–,–,–,–,–,–,–,–,–,–,HSS609.6X508X12.7,HSS609.6X508X12.7,214,25500,–,–,610,574,–,–,–,508,472,–,–,–,–,–,–,–,12.7,11.8,–,–,–,–,–,–,–,–,–,–,40.0,–,48.6,–,1440,5510,4700,237,1090,4870,4280,207,–,–,–,1920000,–,7000,–,–,–,–,–,–,–,–,–,–,–,–,–,–,–,–,–,–,–,–,–,–,–,–,–,–,–,–,–,–,–,–
HSS,HSS24X12X.625,HSS24X12X5/8,–,144.39,0.260,39.6,–,–,24.0,22.3,–,–,–,12.0,10.3,–,–,–,–,–,–,–,0.625,0.581,–,–,–,–,–,–,–,–,–,–,17.7,–,38.4,–,2940,304,245,8.62,1000,188,167,5.03,–,–,–,2430,–,310,–,–,–,–,–,–,–,–,–,–,–,–,–,–,–,–,–,–,–,–,–,–,–,–,–,–,–,–,–,–,–,–,HSS609.6X304.8X15.9,HSS609.6X304.8X15.9,215,25500,–,–,610,566,–,–,–,305,262,–,–,–,–,–,–,–,15.9,14.8,–,–,–,–,–,–,–,–,–,–,17.7,–,38.4,–,1220,4980,4020,219,416,3080,2740,128,–,–,–,1010000,–,5080,–,–,–,–,–,–,–,–,–,–,–,–,–,–,–,–,–,–,–,–,–,–,–,–,–,–,–,–,–,–,–,–
HSS,HSS22X14X.625,HSS22X14X5/8,–,144.39,0.000,39.6,–,–,22.0,20.3,–,–,–,14.0,12.3,–,–,–,–,–,–,–,0.625,0.581,–,–,–,–,–,–,–,–,–,–,21.1,–,34.9,–,2640,291,240,8.16,1320,213,188,5.76,–,–,–,2800,–,333,–,–,–,–,–,–,–,–,–,–,–,–,–,–,–,–,–,–,–,–,–,–,–,–,–,–,–,–,–,–,–,–,HSS558.8X355.6X15.9,HSS558.8X355.6X15.9,215,25500,–,–,559,516,–,–,–,356,312,–,–,–,–,–,–,–,15.9,14.8,–,–,–,–,–,–,–,–,–,–,21.1,–,34.9,–,1100,4770,3930,207,549,3490,3080,146,–,–,–,1170000,–,5460,–,–,–,–,–,–,–,–,–,–,–,–,–,–,–,–,–,–,–,–,–,–,–,–,–,–,–,–,–,–,–,–
HSS,HSS20X16X.625,HSS20X16X5/8,–,144.39,0.000,39.6,–,–,20.0,18.3,–,–,–,16.0,14.3,–,–,–,–,–,–,–,0.625,0.581,–,–,–,–,–,–,–,–,–,–,24.5,–,31.4,–,2320,275,232,7.65,1640,236,206,6.44,–,–,–,3040,–,347,–,–,–,–,–,–,–,–,–,–,–,–,–,–,–,–,–,–,–,–,–,–,–,–,–,–,–,–,–,–,–,–,HSS508X406.4X15.9,HSS508X406.4X15.9,215,25500,–,–,508,465,–,–,–,406,363,–,–,–,–,–,–,–,15.9,14.8,–,–,–,–,–,–,–,–,–,–,24.5,–,31.4,–,966,4510,3800,194,683,3870,3380,164,–,–,–,1270000,–,5690,–,–,–,–,–,–,–,–,–,–,–,–,–,–,–,–,–,–,–,–,–,–,–,–,–,–,–,–,–,–,–,–
HSS,HSS20X8X.875,HSS20X8X7/8,–,149.61,2.620,41.2,–,–,20.0,17.6,–,–,–,8.00,5.56,–,–,–,–,–,–,–,0.875,0.814,–,–,–,–,–,–,–,–,–,–,6.83,–,21.6,–,1880,246,188,6.74,432,127,108,3.24,–,–,–,1200,–,222,–,–,–,–,–,–,–,–,–,–,–,–,–,–,–,–,–,–,–,–,–,–,–,–,–,–,–,–,–,–,–,–,HSS508X203.2X22.2,HSS508X203.2X22.2,223,26600,–,–,508,447,–,–,–,203,141,–,–,–,–,–,–,–,22.2,20.7,–,–,–,–,–,–,–,–,–,–,6.83,–,21.6,–,783,4030,3080,171,180,2080,1770,82.3,–,–,–,499000,–,3640,–,–,–,–,–,–,–,–,–,–,–,–,–,–,–,–,–,–,–,–,–,–,–,–,–,–,–,–,–,–,–,–
HSS,HSS16X12X.875,HSS16X12X7/8,–,149.61,0.000,41.2,–,–,16.0,13.6,–,–,–,12.0,9.56,–,–,–,–,–,–,–,0.875,0.814,–,–,–,–,–,–,–,–,–,–,11.7,–,16.7,–,1430,219,178,5.88,910,179,152,4.70,–,–,–,1830,–,274,–,–,–,–,–,–,–,–,–,–,–,–,–,–,–,–,–,–,–,–,–,–,–,–,–,–,–,–,–,–,–,–,HSS406.4X304.8X22.2,HSS406.4X304.8X22.2,223,26600,–,–,406,345,–,–,–,305,243,–,–,–,–,–,–,–,22.2,20.7,–,–,–,–,–,–,–,–,–,–,11.7,–,16.7,–,595,3590,2920,149,379,2930,2490,119,–,–,–,762000,–,4490,–,–,–,–,–,–,–,–,–,–,–,–,–,–,–,–,–,–,–,–,–,–,–,–,–,–,–,–,–,–,–,–
HSS,HSS20X12X.750,HSS20X12X3/4,–,150.75,1.140,41.5,–,–,20.0,17.9,–,–,–,12.0,9.91,–,–,–,–,–,–,–,0.750,0.698,–,–,–,–,–,–,–,–,–,–,14.2,–,25.6,–,2190,270,219,7.26,988,190,165,4.88,–,–,–,2220,–,303,–,–,–,–,–,–,–,–,–,–,–,–,–,–,–,–,–,–,–,–,–,–,–,–,–,–,–,–,–,–,–,–,HSS508X304.8X19.0,HSS508X304.8X19.0,224,26800,–,–,508,455,–,–,–,305,252,–,–,–,–,–,–,–,19.1,17.7,–,–,–,–,–,–,–,–,–,–,14.2,–,25.6,–,911,4430,3590,184,411,3110,2700,124,–,–,–,924000,–,4970,–,–,–,–,–,–,–,–,–,–,–,–,–,–,–,–,–,–,–,–,–,–,–,–,–,–,–,–,–,–,–,–
HSS,HSS24X14X.625,HSS24X14X5/8,–,152.89,2.140,41.9,–,–,24.0,22.3,–,–,–,14.0,12.3,–,–,–,–,–,–,–,0.625,0.581,–,–,–,–,–,–,–,–,–,–,21.1,–,38.3,–,3260,332,272,8.82,1420,229,203,5.82,–,–,–,3170,–,364,–,–,–,–,–,–,–,–,–,–,–,–,–,–,–,–,–,–,–,–,–,–,–,–,–,–,–,–,–,–,–,–,HSS609.6X355.6X15.9,HSS609.6X355.6X15.9,228,27000,–,–,610,566,–,–,–,356,312,–,–,–,–,–,–,–,15.9,14.8,–,–,–,–,–,–,–,–,–,–,21.1,–,38.3,–,1360,5440,4460,224,591,3750,3330,148,–,–,–,1320000,–,5960,–,–,–,–,–,–,–,–,–,–,–,–,–,–,–,–,–,–,–,–,–,–,–,–,–,–,–,–,–,–,–,–
HSS,HSS22X16X.625,HSS22X16X5/8,–,152.89,0.000,41.9,–,–,22.0,20.3,–,–,–,16.0,14.3,–,–,–,–,–,–,–,0.625,0.581,–,–,–,–,–,–,–,–,–,–,24.5,–,34.9,–,2910,316,264,8.32,1780,254,223,6.52,–,–,–,3500,–,383,–,–,–,–,–,–,–,–,–,–,–,–,–,–,–,–,–,–,–,–,–,–,–,–,–,–,–,–,–,–,–,–,HSS558.8X406.4X15.9,HSS558.8X406.4X15.9,228,27000,–,–,559,516,–,–,–,406,363,–,–,–,–,–,–,–,15.9,14.8,–,–,–,–,–,–,–,–,–,–,24.5,–,34.9,–,1210,5180,4330,211,741,4160,3650,166,–,–,–,1460000,–,6280,–,–,–,–,–,–,–,–,–,–,–,–,–,–,–,–,–,–,–,–,–,–,–,–,–,–,–,–,–,–,–,–
HSS,HSS30X10X.625,HSS30X10X5/8,–,161.40,1.050,44.3,–,–,30.0,28.3,–,–,–,10.0,8.26,–,–,–,–,–,–,–,0.625,0.581,–,–,–,–,–,–,–,–,–,–,14.2,–,48.6,–,4640,400,310,10.2,820,183,164,4.31,–,–,–,2330,–,321,–,–,–,–,–,–,–,–,–,–,–,–,–,–,–,–,–,–,–,–,–,–,–,–,–,–,–,–,–,–,–,–,HSS762X254X15.9,HSS762X254X15.9,240,28600,–,–,762,719,–,–,–,254,210,–,–,–,–,–,–,–,15.9,14.8,–,–,–,–,–,–,–,–,–,–,14.2,–,48.6,–,1930,6550,5080,259,341,3000,2690,109,–,–,–,970000,–,5260,–,–,–,–,–,–,–,–,–,–,–,–,–,–,–,–,–,–,–,–,–,–,–,–,–,–,–,–,–,–,–,–
HSS,HSS24X16X.625,HSS24X16X5/8,–,161.40,0.000,44.3,–,–,24.0,22.3,–,–,–,16.0,14.3,–,–,–,–,–,–,–,0.625,0.581,–,–,–,–,–,–,–,–,–,–,24.5,–,38.3,–,3580,359,298,8.99,1920,272,240,6.59,–,–,–,3960,–,419,–,–,–,–,–,–,–,–,–,–,–,–,–,–,–,–,–,–,–,–,–,–,–,–,–,–,–,–,–,–,–,–,HSS609.6X406.4X15.9,HSS609.6X406.4X15.9,240,28600,–,–,610,566,–,–,–,406,363,–,–,–,–,–,–,–,15.9,14.8,–,–,–,–,–,–,–,–,–,–,24.5,–,38.3,–,1490,5880,4880,228,799,4460,3930,167,–,–,–,1650000,–,6870,–,–,–,–,–,–,–,–,–,–,–,–,–,–,–,–,–,–,–,–,–,–,–,–,–,–,–,–,–,–,–,–
HSS,HSS22X18X.625,HSS22X18X5/8,–,161.40,0.000,44.3,–,–,22.0,20.3,–,–,–,18.0,16.3,–,–,–,–,–,–,–,0.625,0.581,–,–,–,–,–,–,–,–,–,–,28.0,–,34.9,–,3170,341,288,8.47,2330,297,259,7.26,–,–,–,4230,–,433,–,–,–,–,–,–,–,–,–,–,–,–,–,–,–,–,–,–,–,–,–,–,–,–,–,–,–,–,–,–,–,–,HSS558.8X457.2X15.9,HSS558.8X457.2X15.9,240,28600,–,–,559,516,–,–,–,457,414,–,–,–,–,–,–,–,15.9,14.8,–,–,–,–,–,–,–,–,–,–,28.0,–,34.9,–,1320,5590,4720,215,970,4870,4240,184,–,–,–,1760000,–,7100,–,–,–,–,–,–,–,–,–,–,–,–,–,–,–,–,–,–,–,–,–,–,–,–,–,–,–,–,–,–,–,–
HSS,HSS20X8X1,HSS20X8X1,–,168.18,6.780,46.4,–,–,20.0,17.2,–,–,–,8.00,5.21,–,–,–,–,–,–,–,1.00,0.930,–,–,–,–,–,–,–,–,–,–,5.60,–,18.5,–,2060,273,206,6.67,472,141,118,3.19,–,–,–,1320,–,248,–,–,–,–,–,–,–,–,–,–,–,–,–,–,–,–,–,–,–,–,–,–,–,–,–,–,–,–,–,–,–,–,HSS508X203.2X25.4,HSS508X203.2X25.4,250,29900,–,–,508,437,–,–,–,203,132,–,–,–,–,–,–,–,25.4,23.6,–,–,–,–,–,–,–,–,–,–,5.60,–,18.5,–,857,4470,3380,169,196,2310,1930,81,–,–,–,549000,–,4060,–,–,–,–,–,–,–,–,–,–,–,–,–,–,–,–,–,–,–,–,–,–,–,–,–,–,–,–,–,–,–,–
HSS,HSS16X12X1,HSS16X12X1,–,168.18,0.000,46.4,–,–,16.0,13.2,–,–,–,12.0,9.21,–,–,–,–,–,–,–,1.00,0.930,–,–,–,–,–,–,–,–,–,–,9.90,–,14.2,–,1570,244,196,5.82,1000,200,167,4.64,–,–,–,2030,–,307,–,–,–,–,–,–,–,–,–,–,–,–,–,–,–,–,–,–,–,–,–,–,–,–,–,–,–,–,–,–,–,–,HSS406.4X304.8X25.4,HSS406.4X304.8X25.4,250,29900,–,–,406,335,–,–,–,305,234,–,–,–,–,–,–,–,25.4,23.6,–,–,–,–,–,–,–,–,–,–,9.90,–,14.2,–,653,4000,3210,148,416,3280,2740,118,–,–,–,845000,–,5030,–,–,–,–,–,–,–,–,–,–,–,–,–,–,–,–,–,–,–,–,–,–,–,–,–,–,–,–,–,–,–,–
HSS,HSS24X18X.625,HSS24X18X5/8,–,169.91,0.370,46.6,–,–,24.0,22.3,–,–,–,18.0,16.3,–,–,–,–,–,–,–,0.625,0.581,–,–,–,–,–,–,–,–,–,–,28.0,–,38.3,–,3900,386,325,9.15,2510,318,279,7.34,–,–,–,4810,–,473,–,–,–,–,–,–,–,–,–,–,–,–,–,–,–,–,–,–,–,–,–,–,–,–,–,–,–,–,–,–,–,–,HSS609.6X457.2X15.9,HSS609.6X457.2X15.9,253,30100,–,–,610,566,–,–,–,457,414,–,–,–,–,–,–,–,15.9,14.8,–,–,–,–,–,–,–,–,–,–,28.0,–,38.3,–,1620,6330,5330,232,1040,5210,4570,186,–,–,–,2000000,–,7750,–,–,–,–,–,–,–,–,–,–,–,–,–,–,–,–,–,–,–,–,–,–,–,–,–,–,–,–,–,–,–,–
HSS,HSS22X20X.625,HSS22X20X5/8,–,169.91,0.000,46.6,–,–,22.0,20.3,–,–,–,20.0,18.3,–,–,–,–,–,–,–,0.625,0.581,–,–,–,–,–,–,–,–,–,–,31.4,–,34.9,–,3440,366,313,8.59,2970,343,297,7.99,–,–,–,5000,–,483,–,–,–,–,–,–,–,–,–,–,–,–,–,–,–,–,–,–,–,–,–,–,–,–,–,–,–,–,–,–,–,–,HSS558.8X508X15.9,HSS558.8X508X15.9,253,30100,–,–,559,516,–,–,–,508,465,–,–,–,–,–,–,–,15.9,14.8,–,–,–,–,–,–,–,–,–,–,31.4,–,34.9,–,1430,6000,5130,218,1240,5620,4870,203,–,–,–,2080000,–,7910,–,–,–,–,–,–,–,–,–,–,–,–,–,–,–,–,–,–,–,–,–,–,–,–,–,–,–,–,–,–,–,–
HSS,HSS24X12X.750,HSS24X12X3/4,–,171.16,0.790,47.1,–,–,24.0,21.9,–,–,–,12.0,9.91,–,–,–,–,–,–,–,0.750,0.698,–,–,–,–,–,–,–,–,–,–,14.2,–,31.4,–,3440,359,287,8.55,1170,221,195,4.98,–,–,–,2850,–,366,–,–,–,–,–,–,–,–,–,–,–,–,–,–,–,–,–,–,–,–,–,–,–,–,–,–,–,–,–,–,–,–,HSS609.6X304.8X19.0,HSS609.6X304.8X19.0,255,30400,–,–,610,556,–,–,–,305,252,–,–,–,–,–,–,–,19.1,17.7,–,–,–,–,–,–,–,–,–,–,14.2,–,31.4,–,1430,5880,4700,217,487,3620,3200,126,–,–,–,1190000,–,6000,–,–,–,–,–,–,–,–,–,–,–,–,–,–,–,–,–,–,–,–,–,–,–,–,–,–,–,–,–,–,–,–
HSS,HSS22X14X.750,HSS22X14X3/4,–,171.16,0.000,47.1,–,–,22.0,19.9,–,–,–,14.0,11.9,–,–,–,–,–,–,–,0.750,0.698,–,–,–,–,–,–,–,–,–,–,17.1,–,28.5,–,3090,343,281,8.10,1530,251,219,5.71,–,–,–,3300,–,394,–,–,–,–,–,–,–,–,–,–,–,–,–,–,–,–,–,–,–,–,–,–,–,–,–,–,–,–,–,–,–,–,HSS558.8X355.6X19.0,HSS558.8X355.6X19.0,255,30400,–,–,559,505,–,–,–,356,302,–,–,–,–,–,–,–,19.1,17.7,–,–,–,–,–,–,–,–,–,–,17.1,–,28.5,–,1290,5620,4600,206,637,4110,3590,145,–,–,–,1370000,–,6460,–,–,–,–,–,–,–,–,–,–,–,–,–,–,–,–,–,–,–,–,–,–,–,–,–,–,–,–,–,–,–,–
HSS,HSS20X16X.750,HSS20X16X3/4,–,171.16,0.000,47.1,–,–,20.0,17.9,–,–,–,16.0,13.9,–,–,–,–,–,–,–,0.750,0.698,–,–,–,–,–,–,–,–,–,–,19.9,–,25.7,–,2710,324,271,7.59,1920,278,240,6.39,–,–,–,3590,–,411,–,–,–,–,–,–,–,–,–,–,–,–,–,–,–,–,–,–,–,–,–,–,–,–,–,–,–,–,–,–,–,–,HSS508X406.4X19.0,HSS508X406.4X19.0,255,30400,–,–,508,455,–,–,–,406,353,–,–,–,–,–,–,–,19.1,17.7,–,–,–,–,–,–,–,–,–,–,19.9,–,25.7,–,1130,5310,4440,193,799,4560,3930,162,–,–,–,1490000,–,6740,–,–,–,–,–,–,–,–,–,–,–,–,–,–,–,–,–,–,–,–,–,–,–,–,–,–,–,–,–,–,–,–
HSS,HSS20X12X.875,HSS20X12X7/8,–,173.43,2.270,47.7,–,–,20.0,17.6,–,–,–,12.0,9.56,–,–,–,–,–,–,–,0.875,0.814,–,–,–,–,–,–,–,–,–,–,11.7,–,21.6,–,2480,308,248,7.20,1110,216,186,4.83,–,–,–,2530,–,347,–,–,–,–,–,–,–,–,–,–,–,–,–,–,–,–,–,–,–,–,–,–,–,–,–,–,–,–,–,–,–,–,HSS508X304.8X22.2,HSS508X304.8X22.2,258,30800,–,–,508,447,–,–,–,305,243,–,–,–,–,–,–,–,22.2,20.7,–,–,–,–,–,–,–,–,–,–,11.7,–,21.6,–,1030,5050,4060,183,462,3540,3050,123,–,–,–,1050000,–,5690,–,–,–,–,–,–,–,–,–,–,–,–,–,–,–,–,–,–,–,–,–,–,–,–,–,–,–,–,–,–,–,–
HSS,HSS34X10X.625,HSS34X10X5/8,–,178.41,4.980,48.9,–,–,34.0,32.3,–,–,–,10.0,8.26,–,–,–,–,–,–,–,0.625,0.581,–,–,–,–,–,–,–,–,–,–,14.2,–,55.5,–,6430,493,378,11.5,924,205,185,4.35,–,–,–,2720,–,365,–,–,–,–,–,–,–,–,–,–,–,–,–,–,–,–,–,–,–,–,–,–,–,–,–,–,–,–,–,–,–,–,HSS863.6X254X15.9,HSS863.6X254X15.9,266,31500,–,–,864,820,–,–,–,254,210,–,–,–,–,–,–,–,15.9,14.8,–,–,–,–,–,–,–,–,–,–,14.2,–,55.5,–,2680,8080,6190,292,385,3360,3030,110,–,–,–,1130000,–,5980,–,–,–,–,–,–,–,–,–,–,–,–,–,–,–,–,–,–,–,–,–,–,–,–,–,–,–,–,–,–,–,–
HSS,HSS24X20X.625,HSS24X20X5/8,–,178.41,0.000,48.9,–,–,24.0,22.3,–,–,–,20.0,18.3,–,–,–,–,–,–,–,0.625,0.581,–,–,–,–,–,–,–,–,–,–,31.4,–,38.3,–,4220,413,351,9.29,3190,365,319,8.08,–,–,–,5690,–,528,–,–,–,–,–,–,–,–,–,–,–,–,–,–,–,–,–,–,–,–,–,–,–,–,–,–,–,–,–,–,–,–,HSS609.6X508X15.9,HSS609.6X508X15.9,266,31500,–,–,610,566,–,–,–,508,465,–,–,–,–,–,–,–,15.9,14.8,–,–,–,–,–,–,–,–,–,–,31.4,–,38.3,–,1760,6770,5750,236,1330,5980,5230,205,–,–,–,2370000,–,8650,–,–,–,–,–,–,–,–,–,–,–,–,–,–,–,–,–,–,–,–,–,–,–,–,–,–,–,–,–,–,–,–
HSS,HSS24X14X.750,HSS24X14X3/4,–,181.37,2.480,49.8,–,–,24.0,21.9,–,–,–,14.0,11.9,–,–,–,–,–,–,–,0.750,0.698,–,–,–,–,–,–,–,–,–,–,17.1,–,31.4,–,3820,391,318,8.76,1660,270,237,5.77,–,–,–,3730,–,431,–,–,–,–,–,–,–,–,–,–,–,–,–,–,–,–,–,–,–,–,–,–,–,–,–,–,–,–,–,–,–,–,HSS609.6X355.6X19.0,HSS609.6X355.6X19.0,270,32100,–,–,610,556,–,–,–,356,302,–,–,–,–,–,–,–,19.1,17.7,–,–,–,–,–,–,–,–,–,–,17.1,–,31.4,–,1590,6410,5210,223,691,4420,3880,147,–,–,–,1550000,–,7060,–,–,–,–,–,–,–,–,–,–,–,–,–,–,–,–,–,–,–,–,–,–,–,–,–,–,–,–,–,–,–,–
HSS,HSS22X16X.750,HSS22X16X3/4,–,181.37,0.000,49.8,–,–,22.0,19.9,–,–,–,16.0,13.9,–,–,–,–,–,–,–,0.750,0.698,–,–,–,–,–,–,–,–,–,–,19.9,–,28.5,–,3400,372,309,8.26,2080,300,260,6.47,–,–,–,4130,–,454,–,–,–,–,–,–,–,–,–,–,–,–,–,–,–,–,–,–,–,–,–,–,–,–,–,–,–,–,–,–,–,–,HSS558.8X406.4X19.0,HSS558.8X406.4X19.0,270,32100,–,–,559,505,–,–,–,406,353,–,–,–,–,–,–,–,19.1,17.7,–,–,–,–,–,–,–,–,–,–,19.9,–,28.5,–,1420,6100,5060,210,866,4920,4260,164,–,–,–,1720000,–,7440,–,–,–,–,–,–,–,–,–,–,–,–,–,–,–,–,–,–,–,–,–,–,–,–,–,–,–,–,–,–,–,–
HSS,HSS30X10X.750,HSS30X10X3/4,–,191.58,5.170,52.6,–,–,30.0,27.9,–,–,–,10.0,7.91,–,–,–,–,–,–,–,0.750,0.698,–,–,–,–,–,–,–,–,–,–,11.3,–,40.0,–,5440,471,363,10.2,952,215,190,4.25,–,–,–,2730,–,379,–,–,–,–,–,–,–,–,–,–,–,–,–,–,–,–,–,–,–,–,–,–,–,–,–,–,–,–,–,–,–,–,HSS762X254X19.0,HSS762X254X19.0,285,33900,–,–,762,709,–,–,–,254,201,–,–,–,–,–,–,–,19.1,17.7,–,–,–,–,–,–,–,–,–,–,11.3,–,40.0,–,2260,7720,5950,259,396,3520,3110,108,–,–,–,1140000,–,6210,–,–,–,–,–,–,–,–,–,–,–,–,–,–,–,–,–,–,–,–,–,–,–,–,–,–,–,–,–,–,–,–
HSS,HSS24X16X.750,HSS24X16X3/4,–,191.58,0.000,52.6,–,–,24.0,21.9,–,–,–,16.0,13.9,–,–,–,–,–,–,–,0.750,0.698,–,–,–,–,–,–,–,–,–,–,19.9,–,31.4,–,4200,424,350,8.93,2250,321,281,6.53,–,–,–,4680,–,496,–,–,–,–,–,–,–,–,–,–,–,–,–,–,–,–,–,–,–,–,–,–,–,–,–,–,–,–,–,–,–,–,HSS609.6X406.4X19.0,HSS609.6X406.4X19.0,285,33900,–,–,610,556,–,–,–,406,353,–,–,–,–,–,–,–,19.1,17.7,–,–,–,–,–,–,–,–,–,–,19.9,–,31.4,–,1750,6950,5740,227,937,5260,4600,166,–,–,–,1950000,–,8130,–,–,–,–,–,–,–,–,–,–,–,–,–,–,–,–,–,–,–,–,–,–,–,–,–,–,–,–,–,–,–,–
HSS,HSS22X18X.750,HSS22X18X3/4,–,191.58,0.000,52.6,–,–,22.0,19.9,–,–,–,18.0,15.9,–,–,–,–,–,–,–,0.750,0.698,–,–,–,–,–,–,–,–,–,–,22.8,–,28.5,–,3720,402,338,8.41,2730,351,304,7.21,–,–,–,5000,–,513,–,–,–,–,–,–,–,–,–,–,–,–,–,–,–,–,–,–,–,–,–,–,–,–,–,–,–,–,–,–,–,–,HSS558.8X457.2X19.0,HSS558.8X457.2X19.0,285,33900,–,–,559,505,–,–,–,457,404,–,–,–,–,–,–,–,19.1,17.7,–,–,–,–,–,–,–,–,–,–,22.8,–,28.5,–,1550,6590,5540,214,1140,5750,4980,183,–,–,–,2080000,–,8410,–,–,–,–,–,–,–,–,–,–,–,–,–,–,–,–,–,–,–,–,–,–,–,–,–,–,–,–,–,–,–,–
HSS,HSS20X12X1,HSS20X12X1,–,195.40,3.820,53.8,–,–,20.0,17.2,–,–,–,12.0,9.21,–,–,–,–,–,–,–,1.00,0.930,–,–,–,–,–,–,–,–,–,–,9.90,–,18.5,–,2740,344,274,7.14,1230,241,205,4.78,–,–,–,2820,–,390,–,–,–,–,–,–,–,–,–,–,–,–,–,–,–,–,–,–,–,–,–,–,–,–,–,–,–,–,–,–,–,–,HSS508X304.8X25.4,HSS508X304.8X25.4,291,34700,–,–,508,437,–,–,–,305,234,–,–,–,–,–,–,–,25.4,23.6,–,–,–,–,–,–,–,–,–,–,9.90,–,18.5,–,1140,5640,4490,181,512,3950,3360,121,–,–,–,1170000,–,6390,–,–,–,–,–,–,–,–,–,–,–,–,–,–,–,–,–,–,–,–,–,–,–,–,–,–,–,–,–,–,–,–
HSS,HSS24X12X.875,HSS24X12X7/8,–,197.24,1.840,54.3,–,–,24.0,21.6,–,–,–,12.0,9.56,–,–,–,–,–,–,–,0.875,0.814,–,–,–,–,–,–,–,–,–,–,11.7,–,26.5,–,3910,410,326,8.49,1320,252,220,4.93,–,–,–,3250,–,420,–,–,–,–,–,–,–,–,–,–,–,–,–,–,–,–,–,–,–,–,–,–,–,–,–,–,–,–,–,–,–,–,HSS609.6X304.8X22.2,HSS609.6X304.8X22.2,294,35000,–,–,610,549,–,–,–,305,243,–,–,–,–,–,–,–,22.2,20.7,–,–,–,–,–,–,–,–,–,–,11.7,–,26.5,–,1630,6720,5340,216,549,4130,3610,125,–,–,–,1350000,–,6880,–,–,–,–,–,–,–,–,–,–,–,–,–,–,–,–,–,–,–,–,–,–,–,–,–,–,–,–,–,–,–,–
HSS,HSS24X18X.750,HSS24X18X3/4,–,201.79,4.550,55.4,–,–,24.0,21.9,–,–,–,18.0,15.9,–,–,–,–,–,–,–,0.750,0.698,–,–,–,–,–,–,–,–,–,–,22.8,–,31.4,–,4580,456,382,9.09,2940,375,327,7.29,–,–,–,5690,–,562,–,–,–,–,–,–,–,–,–,–,–,–,–,–,–,–,–,–,–,–,–,–,–,–,–,–,–,–,–,–,–,–,HSS609.6X457.2X19.0,HSS609.6X457.2X19.0,300,35700,–,–,610,556,–,–,–,457,404,–,–,–,–,–,–,–,19.1,17.7,–,–,–,–,–,–,–,–,–,–,22.8,–,31.4,–,1910,7470,6260,231,1220,6150,5360,185,–,–,–,2370000,–,9210,–,–,–,–,–,–,–,–,–,–,–,–,–,–,–,–,–,–,–,–,–,–,–,–,–,–,–,–,–,–,–,–
HSS,HSS22X20X.750,HSS22X20X3/4,–,201.79,0.000,55.4,–,–,22.0,19.9,–,–,–,20.0,17.9,–,–,–,–,–,–,–,0.750,0.698,–,–,–,–,–,–,–,–,–,–,25.7,–,28.5,–,4040,432,367,8.54,3490,405,349,7.93,–,–,–,5920,–,573,–,–,–,–,–,–,–,–,–,–,–,–,–,–,–,–,–,–,–,–,–,–,–,–,–,–,–,–,–,–,–,–,HSS558.8X508X19.0,HSS558.8X508X19.0,300,35700,–,–,559,505,–,–,–,508,455,–,–,–,–,–,–,–,19.1,17.7,–,–,–,–,–,–,–,–,–,–,25.7,–,28.5,–,1680,7080,6010,217,1450,6640,5720,201,–,–,–,2460000,–,9390,–,–,–,–,–,–,–,–,–,–,–,–,–,–,–,–,–,–,–,–,–,–,–,–,–,–,–,–,–,–,–,–
HSS,HSS34X10X.750,HSS34X10X3/4,–,212.00,8.890,58.2,–,–,34.0,31.9,–,–,–,10.0,7.91,–,–,–,–,–,–,–,0.750,0.698,–,–,–,–,–,–,–,–,–,–,11.3,–,45.7,–,7550,582,444,11.4,1070,240,215,4.29,–,–,–,3190,–,431,–,–,–,–,–,–,–,–,–,–,–,–,–,–,–,–,–,–,–,–,–,–,–,–,–,–,–,–,–,–,–,–,HSS863.6X254X19.0,HSS863.6X254X19.0,315,37500,–,–,864,810,–,–,–,254,201,–,–,–,–,–,–,–,19.1,17.7,–,–,–,–,–,–,–,–,–,–,11.3,–,45.7,–,3140,9540,7280,290,445,3930,3520,109,–,–,–,1330000,–,7060,–,–,–,–,–,–,–,–,–,–,–,–,–,–,–,–,–,–,–,–,–,–,–,–,–,–,–,–,–,–,–,–
HSS,HSS24X20X.750,HSS24X20X3/4,–,212.00,0.000,58.2,–,–,24.0,21.9,–,–,–,20.0,17.9,–,–,–,–,–,–,–,0.750,0.698,–,–,–,–,–,–,–,–,–,–,25.7,–,31.4,–,4960,489,413,9.23,3750,432,375,8.02,–,–,–,6740,–,627,–,–,–,–,–,–,–,–,–,–,–,–,–,–,–,–,–,–,–,–,–,–,–,–,–,–,–,–,–,–,–,–,HSS609.6X508X19.0,HSS609.6X508X19.0,315,37500,–,–,610,556,–,–,–,508,455,–,–,–,–,–,–,–,19.1,17.7,–,–,–,–,–,–,–,–,–,–,25.7,–,31.4,–,2060,8010,6770,234,1560,7080,6150,204,–,–,–,2810000,–,10300,–,–,–,–,–,–,–,–,–,–,–,–,–,–,–,–,–,–,–,–,–,–,–,–,–,–,–,–,–,–,–,–
HSS,HSS30X10X.875,HSS30X10X7/8,–,221.06,2.580,60.8,–,–,30.0,27.6,–,–,–,10.0,7.56,–,–,–,–,–,–,–,0.875,0.814,–,–,–,–,–,–,–,–,–,–,9.29,–,33.9,–,6190,540,413,10.1,1070,245,215,4.20,–,–,–,3110,–,434,–,–,–,–,–,–,–,–,–,–,–,–,–,–,–,–,–,–,–,–,–,–,–,–,–,–,–,–,–,–,–,–,HSS762X254X22.2,HSS762X254X22.2,329,39200,–,–,762,701,–,–,–,254,192,–,–,–,–,–,–,–,22.2,20.7,–,–,–,–,–,–,–,–,–,–,9.29,–,33.9,–,2580,8850,6770,257,445,4010,3520,107,–,–,–,1290000,–,7110,–,–,–,–,–,–,–,–,–,–,–,–,–,–,–,–,–,–,–,–,–,–,–,–,–,–,–,–,–,–,–,–
HSS,HSS24X12X1,HSS24X12X1,–,222.63,1.570,61.3,–,–,24.0,21.2,–,–,–,12.0,9.21,–,–,–,–,–,–,–,1.00,0.930,–,–,–,–,–,–,–,–,–,–,9.90,–,22.8,–,4340,459,362,8.42,1460,282,243,4.88,–,–,–,3630,–,472,–,–,–,–,–,–,–,–,–,–,–,–,–,–,–,–,–,–,–,–,–,–,–,–,–,–,–,–,–,–,–,–,HSS609.6X304.8X25.4,HSS609.6X304.8X25.4,331,39500,–,–,610,538,–,–,–,305,234,–,–,–,–,–,–,–,25.4,23.6,–,–,–,–,–,–,–,–,–,–,9.90,–,22.8,–,1810,7520,5930,214,608,4620,3980,124,–,–,–,1510000,–,7730,–,–,–,–,–,–,–,–,–,–,–,–,–,–,–,–,–,–,–,–,–,–,–,–,–,–,–,–,–,–,–,–
HSS,HSS34X10X.875,HSS34X10X7/8,–,244.88,22.250,67.3,–,–,34.0,31.6,–,–,–,10.0,7.56,–,–,–,–,–,–,–,0.875,0.814,–,–,–,–,–,–,–,–,–,–,9.29,–,38.8,–,8600,668,506,11.3,1210,274,242,4.24,–,–,–,3630,–,494,–,–,–,–,–,–,–,–,–,–,–,–,–,–,–,–,–,–,–,–,–,–,–,–,–,–,–,–,–,–,–,–,HSS863.6X254X22.2,HSS863.6X254X22.2,364,43400,–,–,864,803,–,–,–,254,192,–,–,–,–,–,–,–,22.2,20.7,–,–,–,–,–,–,–,–,–,–,9.29,–,38.8,–,3580,10900,8290,287,504,4490,3970,108,–,–,–,1510000,–,8100,–,–,–,–,–,–,–,–,–,–,–,–,–,–,–,–,–,–,–,–,–,–,–,–,–,–,–,–,–,–,–,–
HSS,HSS30X10X1,HSS30X10X1,–,249.85,3.980,68.7,–,–,30.0,27.2,–,–,–,10.0,7.21,–,–,–,–,–,–,–,1.00,0.930,–,–,–,–,–,–,–,–,–,–,7.75,–,29.3,–,6900,606,460,10.0,1180,273,237,4.15,–,–,–,3460,–,487,–,–,–,–,–,–,–,–,–,–,–,–,–,–,–,–,–,–,–,–,–,–,–,–,–,–,–,–,–,–,–,–,HSS762X254X25.4,HSS762X254X25.4,372,44300,–,–,762,691,–,–,–,254,183,–,–,–,–,–,–,–,25.4,23.6,–,–,–,–,–,–,–,–,–,–,7.75,–,29.3,–,2870,9930,7540,254,491,4470,3880,105,–,–,–,1440000,–,7980,–,–,–,–,–,–,–,–,–,–,–,–,–,–,–,–,–,–,–,–,–,–,–,–,–,–,–,–,–,–,–,–
HSS,HSS34X10X1,HSS34X10X1,–,277.07,23.350,76.2,–,–,34.0,31.2,–,–,–,10.0,7.21,–,–,–,–,–,–,–,1.00,0.930,–,–,–,–,–,–,–,–,–,–,7.75,–,33.6,–,9600,750,565,11.2,1340,307,268,4.19,–,–,–,4040,–,555,–,–,–,–,–,–,–,–,–,–,–,–,–,–,–,–,–,–,–,–,–,–,–,–,–,–,–,–,–,–,–,–,HSS863.6X254X25.4,HSS863.6X254X25.4,412,49200,–,–,864,792,–,–,–,254,183,–,–,–,–,–,–,–,25.4,23.6,–,–,–,–,–,–,–,–,–,–,7.75,–,33.6,–,4000,12300,9260,284,558,5030,4390,106,–,–,–,1680000,–,9090,–,–,–,–,–,–,–,–,–,–,–,–,–,–,–,–,–,–,–,–,–,–,–,–,–,–,–,–,–,–,–,–
